municipio,precio,banos,habitaciones,tamano_m2,direccion,propertyCode,url
Cadalso de los Vidrios,79500.0,1,3,119.0,Cadalso de los Vidrios,99202785,https://www.idealista.com/inmueble/99202785/
Cadalso de los Vidrios,189000.0,2,3,248.0,Calle Badajoz,103306135,https://www.idealista.com/inmueble/103306135/
Cadalso de los Vidrios,150000.0,3,5,160.0,Cadalso de los Vidrios,103785896,https://www.idealista.com/inmueble/103785896/
Cadalso de los Vidrios,150000.0,3,5,160.0,Cadalso de los Vidrios,103785872,https://www.idealista.com/inmueble/103785872/
Cadalso de los Vidrios,110000.0,2,4,112.0,Calle Orense no number,103536635,https://www.idealista.com/obra-nueva/103536635/
Cadalso de los Vidrios,395000.0,2,3,175.0,Cadalso de los Vidrios,100359083,https://www.idealista.com/inmueble/100359083/
Cadalso de los Vidrios,150000.0,3,3,210.0,"NUEVA, 2",103395234,https://www.idealista.com/inmueble/103395234/
Cadalso de los Vidrios,150000.0,3,3,178.0,"NUEVA, 1",103395249,https://www.idealista.com/inmueble/103395249/
Cadalso de los Vidrios,75000.0,1,3,77.0,Cadalso de los Vidrios,103759530,https://www.idealista.com/inmueble/103759530/
Cadalso de los Vidrios,67700.0,1,2,94.0,Calle Orense no number,103082863,https://www.idealista.com/obra-nueva/103082863/
Cadalso de los Vidrios,86200.0,2,3,131.0,Calle Orense no number,103082872,https://www.idealista.com/obra-nueva/103082872/
Cadalso de los Vidrios,168000.0,1,3,218.0,pedro álvarez no number,100849409,https://www.idealista.com/inmueble/100849409/
Cadalso de los Vidrios,65300.0,1,2,93.0,Calle Orense no number,103082839,https://www.idealista.com/obra-nueva/103082839/
Cadalso de los Vidrios,150000.0,2,4,139.0,Calle Valencia,103534769,https://www.idealista.com/inmueble/103534769/
Cadalso de los Vidrios,274999.0,2,4,228.0,"Calle Amapola, 18",103161706,https://www.idealista.com/inmueble/103161706/
Cadalso de los Vidrios,117000.0,2,3,109.0,fuente la peluquera,99853594,https://www.idealista.com/inmueble/99853594/
Cadalso de los Vidrios,189000.0,2,3,168.0,Calle Badajoz,102928516,https://www.idealista.com/inmueble/102928516/
Cadalso de los Vidrios,258000.0,2,2,200.0,MALLORCA,101780812,https://www.idealista.com/inmueble/101780812/
Cadalso de los Vidrios,150000.0,2,3,177.0,Calle Nueva,103538470,https://www.idealista.com/inmueble/103538470/
Cadalso de los Vidrios,150000.0,2,3,209.0,Calle Nueva,103538471,https://www.idealista.com/inmueble/103538471/
Cadalso de los Vidrios,119000.0,2,7,240.0,km1.3 carretera 542 no number,103498816,https://www.idealista.com/inmueble/103498816/
Cadalso de los Vidrios,46000.0,1,3,74.0,Cadalso de los Vidrios,103760578,https://www.idealista.com/inmueble/103760578/
Cadalso de los Vidrios,890000.0,4,7,1440.0,Cadalso de los Vidrios,103741353,https://www.idealista.com/inmueble/103741353/
Cadalso de los Vidrios,890000.0,4,7,1440.0,Cadalso de los Vidrios,103741283,https://www.idealista.com/inmueble/103741283/
Cadalso de los Vidrios,75000.0,1,3,98.0,Ronda de Madrid,103365071,https://www.idealista.com/inmueble/103365071/
Cadalso de los Vidrios,250000.0,2,4,189.0,Cadalso de los Vidrios,101994882,https://www.idealista.com/inmueble/101994882/
Cadalso de los Vidrios,299000.0,4,6,275.0,Cadalso de los Vidrios,102883903,https://www.idealista.com/inmueble/102883903/
Cadalso de los Vidrios,85000.0,1,3,107.0,Cadalso de los Vidrios,103274433,https://www.idealista.com/inmueble/103274433/
Cadalso de los Vidrios,150000.0,2,4,186.0,Calle MANZANO,94857868,https://www.idealista.com/inmueble/94857868/
Cadalso de los Vidrios,299000.0,3,4,287.0,Avenida del Hornazo,102879349,https://www.idealista.com/inmueble/102879349/
Cadalso de los Vidrios,250000.0,3,7,350.0,Cadalso de los Vidrios,102523490,https://www.idealista.com/inmueble/102523490/
Cadalso de los Vidrios,169000.0,2,3,222.0,Cadalso de los Vidrios,103237845,https://www.idealista.com/inmueble/103237845/
Cadalso de los Vidrios,527300.0,19,19,960.0,Calle Coruña,103735676,https://www.idealista.com/inmueble/103735676/
Cadalso de los Vidrios,75000.0,1,3,75.0,Ronda DE MADRID,98594188,https://www.idealista.com/inmueble/98594188/
Cadalso de los Vidrios,68000.0,3,3,105.0,"HORNABAJO, 29",101594076,https://www.idealista.com/inmueble/101594076/
Cadalso de los Vidrios,150000.0,3,5,160.0,Cadalso de los Vidrios,101245238,https://www.idealista.com/inmueble/101245238/
Cadalso de los Vidrios,150000.0,3,5,160.0,Cadalso de los Vidrios,101156711,https://www.idealista.com/inmueble/101156711/
Cadalso de los Vidrios,150000.0,3,3,177.0,Cadalso de los Vidrios,96589594,https://www.idealista.com/inmueble/96589594/
Cadalso de los Vidrios,150000.0,3,3,209.0,Cadalso de los Vidrios,96745299,https://www.idealista.com/inmueble/96745299/
Cadalso de los Vidrios,223630.0,3,3,157.0,Cadalso de los Vidrios,103490910,https://www.idealista.com/inmueble/103490910/
Cadalso de los Vidrios,99000.0,1,3,232.0,Cadalso de los Vidrios,102390069,https://www.idealista.com/inmueble/102390069/
Cadalso de los Vidrios,260000.0,2,3,252.0,Cadalso de los Vidrios,102389430,https://www.idealista.com/inmueble/102389430/
Cadalso de los Vidrios,52000.0,2,3,84.0,Calle Río Tajuña,102888362,https://www.idealista.com/inmueble/102888362/
Cadalso de los Vidrios,165000.0,1,3,161.0,VALENCIA,99586815,https://www.idealista.com/inmueble/99586815/
Cadalso de los Vidrios,150000.0,2,3,139.0,Cadalso de los Vidrios,103542191,https://www.idealista.com/inmueble/103542191/
Cadalso de los Vidrios,68000.0,2,3,105.0,Calle Hornabajo,101590388,https://www.idealista.com/inmueble/101590388/
Cadalso de los Vidrios,58000.0,1,3,101.0,Calle Hornabajo,99988423,https://www.idealista.com/inmueble/99988423/
Cadalso de los Vidrios,189000.0,2,3,168.0,Cadalso de los Vidrios,97072331,https://www.idealista.com/inmueble/97072331/
Cadalso de los Vidrios,55000.0,1,3,167.0,"SAN ANTON, 52",103549701,https://www.idealista.com/inmueble/103549701/
Cadalso de los Vidrios,68000.0,1,3,105.0,Cadalso de los Vidrios,102685856,https://www.idealista.com/inmueble/102685856/
