municipio,precio,banos,habitaciones,tamano_m2,direccion,propertyCode,url
Collado Villalba,999000.0,4,4,446.0,Matalpino,102654329,https://www.idealista.com/inmueble/102654329/
Collado Villalba,255000.0,2,2,97.0,Calle jazmines,101289203,https://www.idealista.com/inmueble/101289203/
Collado Villalba,598000.0,2,5,164.0,Maestro Acevedo,103295297,https://www.idealista.com/inmueble/103295297/
Collado Villalba,1300000.0,6,8,361.0,Portillo de la Mina,103177651,https://www.idealista.com/inmueble/103177651/
Collado Villalba,165000.0,1,1,56.0,Federico García Lorca,103322536,https://www.idealista.com/inmueble/103322536/
Collado Villalba,730000.0,5,5,326.0,Dehesa - El Soto,102794239,https://www.idealista.com/inmueble/102794239/
Collado Villalba,195000.0,2,4,180.0,Villalba Estación,103323520,https://www.idealista.com/inmueble/103323520/
Collado Villalba,250000.0,2,3,132.0,Calle Islas Cies,103120943,https://www.idealista.com/inmueble/103120943/
Collado Villalba,365000.0,3,3,145.0,Los Valles,103754287,https://www.idealista.com/inmueble/103754287/
Collado Villalba,219000.0,2,2,83.0,Villalba Estación,100129067,https://www.idealista.com/inmueble/100129067/
Collado Villalba,950000.0,4,5,460.0,Fontenebro - Altavista,96591486,https://www.idealista.com/inmueble/96591486/
Collado Villalba,275000.0,2,3,108.0,Calle los Madroños,102595197,https://www.idealista.com/inmueble/102595197/
Collado Villalba,610000.0,5,8,425.0,Carlos Ruiz,101892087,https://www.idealista.com/inmueble/101892087/
Collado Villalba,950000.0,5,5,580.0,Fontenebro - Altavista,31837969,https://www.idealista.com/inmueble/31837969/
Collado Villalba,220000.0,1,3,86.0,Villalba Pueblo,103867762,https://www.idealista.com/inmueble/103867762/
Collado Villalba,1090000.0,5,4,536.0,Villalba Estación,100420720,https://www.idealista.com/inmueble/100420720/
Collado Villalba,449000.0,5,6,850.0,Husillo,95466516,https://www.idealista.com/inmueble/95466516/
Collado Villalba,160000.0,1,2,53.0,Isla de Salvora,101563436,https://www.idealista.com/inmueble/101563436/
Collado Villalba,194000.0,1,2,86.0,Parque de la Coruña - Las Suertes,102435741,https://www.idealista.com/inmueble/102435741/
Collado Villalba,180000.0,1,1,55.0,"Calle real, 52",103787125,https://www.idealista.com/inmueble/103787125/
Collado Villalba,165000.0,1,1,59.0,Villalba Estación,103363253,https://www.idealista.com/inmueble/103363253/
Collado Villalba,667000.0,5,6,539.0,Los Negrales,102813800,https://www.idealista.com/inmueble/102813800/
Collado Villalba,880000.0,3,4,723.0,Calle Portillo de la Mina,102720426,https://www.idealista.com/inmueble/102720426/
Collado Villalba,369000.0,3,5,201.0,Parque de la Coruña - Las Suertes,101174743,https://www.idealista.com/inmueble/101174743/
Collado Villalba,205000.0,2,2,75.0,Carretera DE VILLALBA,102466094,https://www.idealista.com/inmueble/102466094/
Collado Villalba,338000.0,3,5,211.0,Parque de la Coruña - Las Suertes,101217570,https://www.idealista.com/inmueble/101217570/
Collado Villalba,150000.0,2,3,114.0,Avenida de Honorio Lozano,97594825,https://www.idealista.com/inmueble/97594825/
Collado Villalba,277680.0,2,2,115.0,"Juan Carlos I, 2",103852240,https://www.idealista.com/inmueble/103852240/
Collado Villalba,144000.0,2,4,117.0,Maestro Serrano,103538762,https://www.idealista.com/inmueble/103538762/
Collado Villalba,247000.0,2,3,103.0,Villalba Estación,103215889,https://www.idealista.com/inmueble/103215889/
Collado Villalba,168000.0,1,3,86.0,Avenida de Honorio Lozano,103876626,https://www.idealista.com/inmueble/103876626/
Collado Villalba,178000.0,1,2,70.0,Dehesa - El Soto,103875684,https://www.idealista.com/inmueble/103875684/
Collado Villalba,329000.0,3,5,147.0,Parque de la Coruña - Las Suertes,102615338,https://www.idealista.com/inmueble/102615338/
Collado Villalba,145000.0,1,1,56.0,Los Negrales,103825694,https://www.idealista.com/inmueble/103825694/
Collado Villalba,740000.0,6,5,1211.0,Urbanización Buenavista,103861304,https://www.idealista.com/inmueble/103861304/
Collado Villalba,1025000.0,4,4,446.0,Dehesa - El Soto,101007140,https://www.idealista.com/inmueble/101007140/
Collado Villalba,920000.0,4,5,430.0,Fontenebro - Altavista,102498490,https://www.idealista.com/inmueble/102498490/
Collado Villalba,123000.0,1,1,55.0,Calle Isla de la Toja,103472525,https://www.idealista.com/inmueble/103472525/
Collado Villalba,169000.0,1,2,91.0,Villalba Estación,103875478,https://www.idealista.com/inmueble/103875478/
Collado Villalba,195000.0,2,4,180.0,Calle Cercedilla,102200418,https://www.idealista.com/inmueble/102200418/
Collado Villalba,374900.0,3,5,201.0,Parque de la Coruña - Las Suertes,101629469,https://www.idealista.com/inmueble/101629469/
Collado Villalba,355000.0,3,4,159.0,Dehesa - El Soto,103808140,https://www.idealista.com/inmueble/103808140/
Collado Villalba,310000.0,3,3,144.0,Los Valles,103856566,https://www.idealista.com/inmueble/103856566/
Collado Villalba,195000.0,1,2,74.0,Calle Virgen del Pilar,103309850,https://www.idealista.com/inmueble/103309850/
Collado Villalba,348000.0,3,4,146.0,Calle Real,103549386,https://www.idealista.com/inmueble/103549386/
Collado Villalba,550000.0,2,11,432.0,"Enrique Ortega, 10",100924306,https://www.idealista.com/inmueble/100924306/
Collado Villalba,450000.0,3,4,225.0,Calle Abetos,103666113,https://www.idealista.com/inmueble/103666113/
Collado Villalba,330000.0,2,4,165.0,Fontenebro - Altavista,103282212,https://www.idealista.com/inmueble/103282212/
Collado Villalba,245000.0,2,2,105.0,Calle Doctor José María Poveda,102929568,https://www.idealista.com/inmueble/102929568/
Collado Villalba,202000.0,2,2,107.0,Avenida de Galapagar,103692749,https://www.idealista.com/inmueble/103692749/
