municipio,precio,banos,habitaciones,tamano_m2,direccion,propertyCode,url
Cubas de la Sagra,599000.0,5,5,387.0,Calle Retamar,100327221,https://www.idealista.com/inmueble/100327221/
Cubas de la Sagra,325000.0,3,3,200.0,Cubas de la Sagra,103874698,https://www.idealista.com/inmueble/103874698/
Cubas de la Sagra,403000.0,4,5,300.0,Calle mimbres no number,103808810,https://www.idealista.com/inmueble/103808810/
Cubas de la Sagra,476000.0,4,5,387.0,Retama no number,103727004,https://www.idealista.com/inmueble/103727004/
Cubas de la Sagra,589000.0,5,5,387.0,retamar,102896363,https://www.idealista.com/inmueble/102896363/
Cubas de la Sagra,349000.0,4,4,178.0,Calle de la Huerta no number,102938741,https://www.idealista.com/obra-nueva/102938741/
Cubas de la Sagra,476000.0,4,5,387.0,Calle Retamar,103687477,https://www.idealista.com/inmueble/103687477/
Cubas de la Sagra,476000.0,4,5,387.0,retamar,103708871,https://www.idealista.com/inmueble/103708871/
Cubas de la Sagra,257500.0,3,3,160.0,Calle Robles,102813723,https://www.idealista.com/inmueble/102813723/
Cubas de la Sagra,436000.0,2,4,240.0,Camino de Batres,99448987,https://www.idealista.com/inmueble/99448987/
Cubas de la Sagra,556000.0,3,5,450.0,"Callejón de Santa Juana, 4",102661461,https://www.idealista.com/inmueble/102661461/
Cubas de la Sagra,349000.0,3,4,345.0,"Calle Cementerio, 5 A",103521667,https://www.idealista.com/inmueble/103521667/
Cubas de la Sagra,349000.0,3,4,345.0,"cementerio, 5",103490323,https://www.idealista.com/inmueble/103490323/
Cubas de la Sagra,476000.0,4,5,387.0,Calle Retamar,103709383,https://www.idealista.com/inmueble/103709383/
Cubas de la Sagra,476000.0,4,5,387.0,RETAMAR,103579501,https://www.idealista.com/inmueble/103579501/
Cubas de la Sagra,476000.0,4,5,387.0,Retamar,103662902,https://www.idealista.com/inmueble/103662902/
Cubas de la Sagra,549000.0,3,4,1005.0,Calle San Juan de la Cruz,102810052,https://www.idealista.com/inmueble/102810052/
Cubas de la Sagra,259900.0,1,3,148.0,Carretera Real,103353536,https://www.idealista.com/inmueble/103353536/
Cubas de la Sagra,314900.0,4,4,234.0,Almendros,103259543,https://www.idealista.com/inmueble/103259543/
Cubas de la Sagra,649900.0,4,6,482.0,Calle del Reloj,103530366,https://www.idealista.com/inmueble/103530366/
Cubas de la Sagra,476000.0,3,4,352.0,Cubas de la Sagra,81921109,https://www.idealista.com/inmueble/81921109/
Cubas de la Sagra,475000.0,4,4,163.0,"Calle Mimbres, 37",103426482,https://www.idealista.com/obra-nueva/103426482/
Cubas de la Sagra,385000.0,3,4,204.0,"Calle Mimbres, 37",103426502,https://www.idealista.com/obra-nueva/103426502/
Cubas de la Sagra,280000.0,2,3,117.0,Cubas de la Sagra,103450899,https://www.idealista.com/inmueble/103450899/
Cubas de la Sagra,278000.0,3,4,175.0,almendros,103699869,https://www.idealista.com/inmueble/103699869/
Cubas de la Sagra,476000.0,4,4,387.0,Cubas de la Sagra,103722523,https://www.idealista.com/inmueble/103722523/
Cubas de la Sagra,476000.0,3,4,351.0,"Retamar, 36",103714768,https://www.idealista.com/inmueble/103714768/
Cubas de la Sagra,319000.0,3,4,245.0,Calle el Cacejo,102008391,https://www.idealista.com/inmueble/102008391/
Cubas de la Sagra,476000.0,3,4,351.0,Calle Retamar,103710586,https://www.idealista.com/inmueble/103710586/
Cubas de la Sagra,476000.0,3,4,352.0,Retamar no number,103708967,https://www.idealista.com/inmueble/103708967/
Cubas de la Sagra,476000.0,3,4,352.0,retamar,103714934,https://www.idealista.com/inmueble/103714934/
Cubas de la Sagra,370000.0,3,4,345.0,Calle Sector v9 no number,102985911,https://www.idealista.com/obra-nueva/102985911/
Cubas de la Sagra,2266000.0,2,4,577.0,Camino Palomero,103415609,https://www.idealista.com/inmueble/103415609/
Cubas de la Sagra,380000.0,3,4,345.0,Calle Sector v9 no number,102985944,https://www.idealista.com/obra-nueva/102985944/
Cubas de la Sagra,359000.0,3,4,343.0,Calle Sector v9 no number,102985979,https://www.idealista.com/obra-nueva/102985979/
Cubas de la Sagra,299000.0,3,3,231.0,Arcipreste de Hita,103165836,https://www.idealista.com/inmueble/103165836/
Cubas de la Sagra,380000.0,3,4,345.0,Calle Sector v9 no number,102985943,https://www.idealista.com/obra-nueva/102985943/
Cubas de la Sagra,370000.0,3,4,345.0,Calle Sector v9 no number,102985947,https://www.idealista.com/obra-nueva/102985947/
Cubas de la Sagra,359000.0,3,4,343.0,Calle Sector v9 no number,102986009,https://www.idealista.com/obra-nueva/102986009/
Cubas de la Sagra,349000.0,3,4,335.0,Calle Sector v9 no number,102986027,https://www.idealista.com/obra-nueva/102986027/
Cubas de la Sagra,324900.0,4,4,180.0,Cubas de la Sagra,103701150,https://www.idealista.com/inmueble/103701150/
Cubas de la Sagra,178000.0,2,2,102.0,Cubas de la Sagra,101701774,https://www.idealista.com/inmueble/101701774/
Cubas de la Sagra,476000.0,3,4,351.0,Calle Retamar,103711157,https://www.idealista.com/inmueble/103711157/
Cubas de la Sagra,324900.0,4,4,179.0,Calle juan de austria cubas de la sagra,103777280,https://www.idealista.com/inmueble/103777280/
Cubas de la Sagra,476000.0,3,4,351.0,Calle Retamar,103716279,https://www.idealista.com/inmueble/103716279/
Cubas de la Sagra,252000.0,3,3,225.0,Calle Gonzalo de Berceo,102045765,https://www.idealista.com/inmueble/102045765/
Cubas de la Sagra,280000.0,1,3,117.0,Cubas de la Sagra,103268606,https://www.idealista.com/inmueble/103268606/
Cubas de la Sagra,476000.0,3,4,351.0,Cubas de la Sagra,103711906,https://www.idealista.com/inmueble/103711906/
Cubas de la Sagra,280000.0,2,3,117.0,Cubas de la Sagra,103496876,https://www.idealista.com/inmueble/103496876/
Cubas de la Sagra,476000.0,4,5,351.0,Cubas de la Sagra,103712207,https://www.idealista.com/inmueble/103712207/
