municipio,precio,banos,habitaciones,tamano_m2,direccion,propertyCode,url
Fuente el Saz de Jarama,570000.0,3,3,601.0,Pablo Picasso,103159329,https://www.idealista.com/inmueble/103159329/
Fuente el Saz de Jarama,1150000.0,2,5,474.0,Camino VIEJO DEL CASAR,99797884,https://www.idealista.com/inmueble/99797884/
Fuente el Saz de Jarama,330000.0,1,2,164.0,"Vereda del Chaparro, 12",103869047,https://www.idealista.com/inmueble/103869047/
Fuente el Saz de Jarama,477000.0,3,5,298.0,Fuente el Saz de Jarama,100664674,https://www.idealista.com/inmueble/100664674/
Fuente el Saz de Jarama,890000.0,6,12,600.0,Fuente el Saz de Jarama,103369811,https://www.idealista.com/inmueble/103369811/
Fuente el Saz de Jarama,725000.0,3,9,429.0,Fuente el Saz de Jarama,100460728,https://www.idealista.com/inmueble/100460728/
Fuente el Saz de Jarama,795000.0,3,5,256.0,Fuente el Saz de Jarama,102346667,https://www.idealista.com/inmueble/102346667/
Fuente el Saz de Jarama,588000.0,5,7,394.0,"Pino, 22",103815536,https://www.idealista.com/inmueble/103815536/
Fuente el Saz de Jarama,595000.0,3,5,372.0,Fuente el Saz de Jarama,99539855,https://www.idealista.com/inmueble/99539855/
Fuente el Saz de Jarama,1150000.0,2,5,470.0,Fuente el Saz de Jarama,99203454,https://www.idealista.com/inmueble/99203454/
Fuente el Saz de Jarama,995000.0,4,6,400.0,Fuente el Saz de Jarama,101787816,https://www.idealista.com/inmueble/101787816/
Fuente el Saz de Jarama,450000.0,2,2,150.0,Fuente el Saz de Jarama,102555781,https://www.idealista.com/inmueble/102555781/
Fuente el Saz de Jarama,625000.0,3,5,350.0,Fuente el Saz de Jarama,98020820,https://www.idealista.com/inmueble/98020820/
Fuente el Saz de Jarama,650000.0,3,5,267.0,Fuente el Saz de Jarama,103504348,https://www.idealista.com/inmueble/103504348/
Fuente el Saz de Jarama,395000.0,2,4,300.0,CAÑADA DEL BARCO VIEJO,103101294,https://www.idealista.com/inmueble/103101294/
Fuente el Saz de Jarama,320000.0,3,3,132.0,"Carretera del Casar , 5",102791094,https://www.idealista.com/obra-nueva/102791094/
Fuente el Saz de Jarama,320000.0,3,4,132.0,"Carretera del Casar , 5",102791101,https://www.idealista.com/obra-nueva/102791101/
Fuente el Saz de Jarama,149900.0,1,2,497.0,CL DISEMINADO 114 RUST: 11-114 no number,103830875,https://www.idealista.com/inmueble/103830875/
Fuente el Saz de Jarama,800000.0,4,8,500.0,Camino VIEJO DEL CASAR,99823935,https://www.idealista.com/inmueble/99823935/
Fuente el Saz de Jarama,850000.0,7,6,515.0,Calle Huesca,98510244,https://www.idealista.com/inmueble/98510244/
Fuente el Saz de Jarama,309000.0,3,4,135.0,los olivares no number,102407537,https://www.idealista.com/inmueble/102407537/
Fuente el Saz de Jarama,800000.0,2,4,270.0,Camino del Barco Viejo,103300445,https://www.idealista.com/inmueble/103300445/
Fuente el Saz de Jarama,525000.0,4,5,339.0,Vereda DEL CHAPARRO,102563412,https://www.idealista.com/inmueble/102563412/
Fuente el Saz de Jarama,258000.0,1,3,235.0,jarama,98229575,https://www.idealista.com/inmueble/98229575/
Fuente el Saz de Jarama,699000.0,4,6,350.0,Fuente el Saz de Jarama,102074252,https://www.idealista.com/inmueble/102074252/
Fuente el Saz de Jarama,429000.0,3,3,280.0,Fuente el Saz de Jarama,103833130,https://www.idealista.com/inmueble/103833130/
Fuente el Saz de Jarama,410000.0,3,3,187.0,Los Olivares,102610485,https://www.idealista.com/inmueble/102610485/
Fuente el Saz de Jarama,1150000.0,2,5,474.0,Fuente el Saz de Jarama,103135146,https://www.idealista.com/inmueble/103135146/
Fuente el Saz de Jarama,368245.0,2,3,111.0,Avenida del Pilar,103328669,https://www.idealista.com/inmueble/103328669/
Fuente el Saz de Jarama,368245.0,2,3,111.0,Avenida del Pilar,101977586,https://www.idealista.com/inmueble/101977586/
Fuente el Saz de Jarama,537195.0,2,3,111.0,Avenida del Pilar,103328877,https://www.idealista.com/inmueble/103328877/
Fuente el Saz de Jarama,368245.0,2,3,111.0,Avenida del Pilar,103328568,https://www.idealista.com/inmueble/103328568/
Fuente el Saz de Jarama,375000.0,3,4,171.0,Calle Plantas,101303985,https://www.idealista.com/inmueble/101303985/
Fuente el Saz de Jarama,319000.0,1,3,199.0,"ALMENDRALEJOS, 33",96316723,https://www.idealista.com/inmueble/96316723/
Fuente el Saz de Jarama,850000.0,3,5,261.0,Avenida de los Manantiales,102389412,https://www.idealista.com/inmueble/102389412/
Fuente el Saz de Jarama,125900.0,1,1,42.0,Alalpardo,103721769,https://www.idealista.com/inmueble/103721769/
Fuente el Saz de Jarama,139900.0,1,3,182.0,tercia no number,103832170,https://www.idealista.com/inmueble/103832170/
Fuente el Saz de Jarama,810000.0,6,5,740.0,Avenida de los Manantiales,93386959,https://www.idealista.com/inmueble/93386959/
Fuente el Saz de Jarama,395000.0,3,4,180.0,Fuente el Saz de Jarama,103836750,https://www.idealista.com/inmueble/103836750/
Fuente el Saz de Jarama,670000.0,4,8,507.0,Fuente el Saz de Jarama,92893910,https://www.idealista.com/inmueble/92893910/
Fuente el Saz de Jarama,590000.0,3,4,370.0,Fuente el Saz de Jarama,103452945,https://www.idealista.com/inmueble/103452945/
Fuente el Saz de Jarama,549500.0,2,3,180.0,"Calle LA NORIA, 10",102346169,https://www.idealista.com/inmueble/102346169/
Fuente el Saz de Jarama,395000.0,2,7,264.0,Fuente el Saz de Jarama,101515273,https://www.idealista.com/inmueble/101515273/
Fuente el Saz de Jarama,550000.0,3,4,332.0,"Calle Pablo Picasso, 2",100192470,https://www.idealista.com/inmueble/100192470/
Fuente el Saz de Jarama,165000.0,2,2,75.0,Fuente el Saz de Jarama,97494246,https://www.idealista.com/inmueble/97494246/
Fuente el Saz de Jarama,405000.0,3,3,188.0,Olivares no number,103803258,https://www.idealista.com/inmueble/103803258/
Fuente el Saz de Jarama,364000.0,2,2,212.0,Calle Embudo,101682975,https://www.idealista.com/inmueble/101682975/
Fuente el Saz de Jarama,330000.0,2,4,300.0,M-103,100326493,https://www.idealista.com/inmueble/100326493/
Fuente el Saz de Jarama,385000.0,3,7,473.0,olivos no number,103489106,https://www.idealista.com/inmueble/103489106/
Fuente el Saz de Jarama,810000.0,6,5,750.0,Avenida LOS MANANTIALES,92845184,https://www.idealista.com/inmueble/92845184/
