municipio,precio,banos,habitaciones,tamano_m2,direccion,propertyCode,url
Humanes de Madrid,306797.0,2,3,108.0,"Calle Libertad , 3",102822484,https://www.idealista.com/obra-nueva/102822484/
Humanes de Madrid,237377.0,2,3,103.0,"Calle Libertad , 3",102191976,https://www.idealista.com/obra-nueva/102191976/
Humanes de Madrid,287062.0,2,2,97.0,"Calle Libertad , 3",102822404,https://www.idealista.com/obra-nueva/102822404/
Humanes de Madrid,227723.0,2,3,99.0,"Calle Libertad , 3",102822461,https://www.idealista.com/obra-nueva/102822461/
Humanes de Madrid,188089.0,2,2,82.0,"Calle Libertad , 3",102822413,https://www.idealista.com/obra-nueva/102822413/
Humanes de Madrid,222500.0,2,3,118.0,Humanes de Madrid,91404245,https://www.idealista.com/inmueble/91404245/
Humanes de Madrid,115000.0,1,3,75.0,Plaza de Miguel Echegaray,103344605,https://www.idealista.com/inmueble/103344605/
Humanes de Madrid,138000.0,1,0,50.0,Plaza Santiago,103854156,https://www.idealista.com/inmueble/103854156/
Humanes de Madrid,160000.0,2,4,114.0,Humanes de Madrid,103214081,https://www.idealista.com/inmueble/103214081/
Humanes de Madrid,191000.0,2,2,82.0,Humanes de Madrid,103863433,https://www.idealista.com/inmueble/103863433/
Humanes de Madrid,249900.0,2,4,122.0,Avenida del Mediterraneo,102561357,https://www.idealista.com/inmueble/102561357/
Humanes de Madrid,115000.0,1,3,93.0,Calle de Severo Ochoa,102776309,https://www.idealista.com/inmueble/102776309/
Humanes de Madrid,170000.0,2,3,98.0,Avenida del Campo Hermoso,100794010,https://www.idealista.com/inmueble/100794010/
Humanes de Madrid,176000.0,1,2,78.0,Islas Columbrete no number,103787877,https://www.idealista.com/inmueble/103787877/
Humanes de Madrid,146000.0,1,3,75.0,SANTIAGO RAMON Y CAJAL,103379496,https://www.idealista.com/inmueble/103379496/
Humanes de Madrid,155000.0,1,1,67.0,Azulejo,103719971,https://www.idealista.com/inmueble/103719971/
Humanes de Madrid,151900.0,1,3,81.0,Jacinto Benavente,103789053,https://www.idealista.com/inmueble/103789053/
Humanes de Madrid,151000.0,2,3,94.0,Huertas,103767857,https://www.idealista.com/inmueble/103767857/
Humanes de Madrid,180000.0,2,3,115.0,"HERMANOS TORA, 4",94357567,https://www.idealista.com/inmueble/94357567/
Humanes de Madrid,212900.0,2,3,90.0,"Calle Manacor, 2",103072295,https://www.idealista.com/inmueble/103072295/
Humanes de Madrid,139900.0,1,3,84.0,Calle Formentera,103002915,https://www.idealista.com/inmueble/103002915/
Humanes de Madrid,207000.0,2,3,131.0,"Avenida Comunidad de Madrid, 4",103377629,https://www.idealista.com/obra-nueva/103377629/
Humanes de Madrid,165500.0,1,3,80.0,Calle Jacinto Benavente,103729013,https://www.idealista.com/inmueble/103729013/
Humanes de Madrid,331000.0,2,4,113.0,"Calle libertad, 99999",103197403,https://www.idealista.com/obra-nueva/103197403/
Humanes de Madrid,275000.0,2,3,94.0,"Calle libertad, 99999",103197438,https://www.idealista.com/obra-nueva/103197438/
Humanes de Madrid,193000.0,2,3,109.0,Hermanos Tora,102922171,https://www.idealista.com/inmueble/102922171/
Humanes de Madrid,350000.0,2,3,108.0,"Calle libertad, 99999",103197417,https://www.idealista.com/obra-nueva/103197417/
Humanes de Madrid,270000.0,2,3,93.0,"Calle libertad, 99999",103197426,https://www.idealista.com/obra-nueva/103197426/
Humanes de Madrid,273000.0,2,3,94.0,"Calle libertad, 99999",103197430,https://www.idealista.com/obra-nueva/103197430/
Humanes de Madrid,198000.0,2,2,64.0,"Calle libertad, 99999",103197428,https://www.idealista.com/obra-nueva/103197428/
Humanes de Madrid,350000.0,2,4,260.0,"Avenida España, 53",102923258,https://www.idealista.com/inmueble/102923258/
Humanes de Madrid,218000.0,2,2,74.0,"Calle libertad, 99999",103197432,https://www.idealista.com/obra-nueva/103197432/
Humanes de Madrid,266000.0,2,3,93.0,"Calle libertad, 99999",103197433,https://www.idealista.com/obra-nueva/103197433/
Humanes de Madrid,224000.0,2,2,94.0,"Calle libertad, 99999",103197441,https://www.idealista.com/obra-nueva/103197441/
Humanes de Madrid,273000.0,2,3,93.0,"Calle libertad, 99999",103197437,https://www.idealista.com/obra-nueva/103197437/
Humanes de Madrid,169900.0,1,2,67.0,Calle Estanislao zazo,103281450,https://www.idealista.com/inmueble/103281450/
Humanes de Madrid,211000.0,2,2,64.0,"Calle libertad, 99999",103197418,https://www.idealista.com/obra-nueva/103197418/
Humanes de Madrid,349000.0,2,3,94.0,"Calle libertad, 99999",103197402,https://www.idealista.com/obra-nueva/103197402/
Humanes de Madrid,259000.0,2,2,76.0,"Calle libertad, 99999",103257181,https://www.idealista.com/obra-nueva/103257181/
Humanes de Madrid,221000.0,2,2,75.0,"Calle libertad, 99999",103197436,https://www.idealista.com/obra-nueva/103197436/
Humanes de Madrid,440000.0,2,3,96.0,"Calle libertad, 99999",103197405,https://www.idealista.com/obra-nueva/103197405/
Humanes de Madrid,115000.0,1,3,87.0,"Calle Vicente Aleixandre, 7",103724275,https://www.idealista.com/inmueble/103724275/
Humanes de Madrid,360000.0,3,3,158.0,ibiza,99586955,https://www.idealista.com/inmueble/99586955/
Humanes de Madrid,350000.0,3,4,254.0,Avenida España,100779945,https://www.idealista.com/inmueble/100779945/
Humanes de Madrid,290000.0,2,4,145.0,"Calle de Curro Romero, 1",103174956,https://www.idealista.com/inmueble/103174956/
Humanes de Madrid,187000.0,1,2,75.0,Calle la Higuera,101132999,https://www.idealista.com/inmueble/101132999/
Humanes de Madrid,223000.0,2,3,116.0,"Calle Parla, 37",103368424,https://www.idealista.com/inmueble/103368424/
Humanes de Madrid,207500.0,2,3,119.0,"Avenida de la Comunidad de Madrid, 1",101739247,https://www.idealista.com/obra-nueva/101739247/
Humanes de Madrid,309000.0,2,3,102.0,"Avenida de la Comunidad de Madrid, 1",101739304,https://www.idealista.com/obra-nueva/101739304/
Humanes de Madrid,390000.0,2,4,147.0,Calle Menorca,103797262,https://www.idealista.com/inmueble/103797262/
