municipio,precio,banos,habitaciones,tamano_m2,direccion,propertyCode,url
Navalcarnero,485000.0,3,4,295.0,Calle del Pino Canario,103029769,https://www.idealista.com/inmueble/103029769/
Navalcarnero,208900.0,1,3,104.0,Calle de Fidel Borrajo,103382495,https://www.idealista.com/inmueble/103382495/
Navalcarnero,363500.0,3,5,225.0,Calle del Pino Resinero,102765968,https://www.idealista.com/inmueble/102765968/
Navalcarnero,155900.0,1,3,85.0,Calle Mirasierra,102857746,https://www.idealista.com/inmueble/102857746/
Navalcarnero,269900.0,2,3,180.0,Calle del Pastoreo,102608065,https://www.idealista.com/inmueble/102608065/
Navalcarnero,299900.0,3,3,210.0,Antonio machado,103208923,https://www.idealista.com/inmueble/103208923/
Navalcarnero,215990.0,1,2,84.0,Avenida de la Dehesa,103731763,https://www.idealista.com/inmueble/103731763/
Navalcarnero,269000.0,2,3,135.0,"Labrador, 1",103362943,https://www.idealista.com/inmueble/103362943/
Navalcarnero,329000.0,3,3,150.0,"labrador, 1",103100371,https://www.idealista.com/inmueble/103100371/
Navalcarnero,279500.0,2,4,207.0,Calle Pino Abeto,103632293,https://www.idealista.com/inmueble/103632293/
Navalcarnero,251500.0,2,3,120.0,Calle Pino Abeto,103704701,https://www.idealista.com/inmueble/103704701/
Navalcarnero,249900.0,2,2,151.0,Calle del Labrador,102195736,https://www.idealista.com/inmueble/102195736/
Navalcarnero,299990.0,3,4,258.0,CAMILO JOSE CELA,101817627,https://www.idealista.com/inmueble/101817627/
Navalcarnero,499000.0,3,5,332.0,Calle de la Cruz Aspada,103209763,https://www.idealista.com/inmueble/103209763/
Navalcarnero,345000.0,2,3,235.0,Calle del Arcángel Gabriel,102903988,https://www.idealista.com/inmueble/102903988/
Navalcarnero,289990.0,2,5,195.0,Calle del Canto Pelín,103485623,https://www.idealista.com/inmueble/103485623/
Navalcarnero,319900.0,2,3,160.0,Calle de Santiago García Vicuña,102774947,https://www.idealista.com/inmueble/102774947/
Navalcarnero,249900.0,2,2,122.0,Avenida del Arroyo Juncal,103248617,https://www.idealista.com/inmueble/103248617/
Navalcarnero,159000.0,1,4,100.0,Plaza de Buenavista,103461168,https://www.idealista.com/inmueble/103461168/
Navalcarnero,262900.0,2,3,120.0,Calle de Cafarnaum,102443753,https://www.idealista.com/inmueble/102443753/
Navalcarnero,319000.0,2,3,155.0,"Calle del Pastoreo, 26",103224318,https://www.idealista.com/inmueble/103224318/
Navalcarnero,179900.0,2,3,117.0,Calle de Mariano González,102352786,https://www.idealista.com/inmueble/102352786/
Navalcarnero,109900.0,1,3,93.0,Rio Ebro,103516189,https://www.idealista.com/inmueble/103516189/
Navalcarnero,185600.0,1,3,117.0,Ronda de San Juan,103302766,https://www.idealista.com/inmueble/103302766/
Navalcarnero,310000.0,3,3,153.0,"Calle Labrador, 1",103225128,https://www.idealista.com/inmueble/103225128/
Navalcarnero,249800.0,1,2,237.0,"Calle del Pastoreo, 3",103611386,https://www.idealista.com/inmueble/103611386/
Navalcarnero,264000.0,2,3,136.0,"Calle del Labrador, 1",103695713,https://www.idealista.com/inmueble/103695713/
Navalcarnero,347000.0,4,7,263.0,Antonio machado,103774878,https://www.idealista.com/inmueble/103774878/
Navalcarnero,299000.0,3,4,220.0,"GALILEO, 1",100235346,https://www.idealista.com/inmueble/100235346/
Navalcarnero,237000.0,2,4,124.0,"Cruz verde, 1",102995812,https://www.idealista.com/inmueble/102995812/
Navalcarnero,329900.0,3,5,210.0,Juan Ramón Jiménez,101922063,https://www.idealista.com/inmueble/101922063/
Navalcarnero,253990.0,4,4,120.0,Constitucion,102969328,https://www.idealista.com/inmueble/102969328/
Navalcarnero,489000.0,5,9,137.0,M-507,103199012,https://www.idealista.com/inmueble/103199012/
Navalcarnero,419900.0,4,5,251.0,Calle de Monteclaro,102244132,https://www.idealista.com/inmueble/102244132/
Navalcarnero,379000.0,4,4,285.0,Calle del Pino Salgareńo,102070615,https://www.idealista.com/inmueble/102070615/
Navalcarnero,350000.0,3,4,200.0,Calle los Bastos,100367465,https://www.idealista.com/inmueble/100367465/
Navalcarnero,265000.0,2,3,154.0,Valencia,103442627,https://www.idealista.com/inmueble/103442627/
Navalcarnero,375000.0,3,4,192.0,La Dehesa - El Pinar,103443145,https://www.idealista.com/inmueble/103443145/
Navalcarnero,295900.0,4,5,200.0,de la estrella,100170366,https://www.idealista.com/inmueble/100170366/
Navalcarnero,358000.0,2,4,235.0,Centro,99082205,https://www.idealista.com/inmueble/99082205/
Navalcarnero,225000.0,2,2,89.0,"Avenida de la Dehesa, 3",103005166,https://www.idealista.com/inmueble/103005166/
Navalcarnero,435000.0,4,4,321.0,El Pijorro,102926919,https://www.idealista.com/inmueble/102926919/
Navalcarnero,189900.0,2,3,100.0,Centro,103611524,https://www.idealista.com/inmueble/103611524/
Navalcarnero,310000.0,5,3,309.0,Callejón de la Cruz Verde,103843750,https://www.idealista.com/inmueble/103843750/
Navalcarnero,338500.0,3,3,150.0,"Labrador, 1",103695258,https://www.idealista.com/inmueble/103695258/
Navalcarnero,258470.0,2,3,225.0,Calle Félix Serrano del Real,103842968,https://www.idealista.com/inmueble/103842968/
Navalcarnero,175000.0,1,1,70.0,"Calle San Roque, 6",28618626,https://www.idealista.com/inmueble/28618626/
Navalcarnero,280000.0,3,4,148.0,Calle Tío Alberto,103858047,https://www.idealista.com/inmueble/103858047/
Navalcarnero,159990.0,2,3,108.0,Paseo del Alparrache,103516692,https://www.idealista.com/inmueble/103516692/
Navalcarnero,489000.0,4,4,285.0,"tortola, 25",103664740,https://www.idealista.com/inmueble/103664740/
