municipio,precio,banos,habitaciones,tamano_m2,direccion,propertyCode,url
Pinto,254000.0,2,3,83.0,Parque Europa - Los Pitufos,103301235,https://www.idealista.com/inmueble/103301235/
Pinto,194000.0,2,2,78.0,"Calle de San Ildefonso, 1",101874485,https://www.idealista.com/inmueble/101874485/
Pinto,123050.0,1,1,55.0,Calle Federico García Lorca,103877461,https://www.idealista.com/inmueble/103877461/
Pinto,110600.0,1,3,77.0,Calle Aragón,103851339,https://www.idealista.com/inmueble/103851339/
Pinto,246000.0,2,2,91.0,"Calle de la Iglesia, 3",103858571,https://www.idealista.com/obra-nueva/103858571/
Pinto,292000.0,2,3,108.0,"Calle de la Iglesia, 3",103858574,https://www.idealista.com/obra-nueva/103858574/
Pinto,240000.0,2,2,85.0,"Calle de la Iglesia, 3",103858529,https://www.idealista.com/obra-nueva/103858529/
Pinto,300000.0,2,3,112.0,"Calle de la Iglesia, 3",103858599,https://www.idealista.com/obra-nueva/103858599/
Pinto,273000.0,2,2,108.0,"Calle de la Iglesia, 3",103858598,https://www.idealista.com/obra-nueva/103858598/
Pinto,240000.0,2,2,91.0,"Calle de la Iglesia, 3",103858597,https://www.idealista.com/obra-nueva/103858597/
Pinto,264000.0,2,2,101.0,"Calle de la Iglesia, 3",103858588,https://www.idealista.com/obra-nueva/103858588/
Pinto,240000.0,2,2,81.0,"Calle de la Iglesia, 3",103858580,https://www.idealista.com/obra-nueva/103858580/
Pinto,315000.0,2,3,114.0,"Calle de la Iglesia, 3",103858581,https://www.idealista.com/obra-nueva/103858581/
Pinto,245000.0,2,2,78.0,"Calle de la Iglesia, 3",103858573,https://www.idealista.com/obra-nueva/103858573/
Pinto,405000.0,2,3,148.0,Teneria i - Teneria Ii,103864252,https://www.idealista.com/inmueble/103864252/
Pinto,210000.0,2,4,105.0,Colombia,103854980,https://www.idealista.com/inmueble/103854980/
Pinto,245000.0,2,3,110.0,Calle Mancio Serra Leguizamo,103861755,https://www.idealista.com/inmueble/103861755/
Pinto,205000.0,1,1,90.0,Calle santa florentina,103178244,https://www.idealista.com/inmueble/103178244/
Pinto,149000.0,1,1,71.0,Calle de San Sebastián,89264154,https://www.idealista.com/inmueble/89264154/
Pinto,199000.0,2,2,136.0,Calle de San Sebastián,89263852,https://www.idealista.com/inmueble/89263852/
Pinto,570000.0,4,4,298.0,Austria,103810296,https://www.idealista.com/inmueble/103810296/
Pinto,158000.0,1,3,88.0,Calle de Pérez Escrich no number,102094436,https://www.idealista.com/inmueble/102094436/
Pinto,295000.0,2,3,108.0,"Calle Ignacio Fuster, 7",101581502,https://www.idealista.com/obra-nueva/101581502/
Pinto,289000.0,2,3,99.0,"Calle Ignacio Fuster, 7",101581479,https://www.idealista.com/obra-nueva/101581479/
Pinto,310000.0,2,4,122.0,"Calle Ignacio Fuster, 7",101581527,https://www.idealista.com/obra-nueva/101581527/
Pinto,295000.0,2,3,102.0,"Calle Ignacio Fuster, 7",101581481,https://www.idealista.com/obra-nueva/101581481/
Pinto,310000.0,2,4,124.0,"Calle Ignacio Fuster, 7",101581482,https://www.idealista.com/obra-nueva/101581482/
Pinto,289000.0,2,3,90.0,"Calle Ignacio Fuster, 7",101581480,https://www.idealista.com/obra-nueva/101581480/
Pinto,280000.0,2,3,90.0,"Calle Ignacio Fuster, 7",101581452,https://www.idealista.com/obra-nueva/101581452/
Pinto,265000.0,2,2,73.0,"Calle Ignacio Fuster, 7",101581418,https://www.idealista.com/obra-nueva/101581418/
Pinto,259000.0,2,4,100.0,San José - Buenos Aires,103853691,https://www.idealista.com/inmueble/103853691/
Pinto,179900.0,1,3,73.0,Calle del Parque Éboli,103159699,https://www.idealista.com/inmueble/103159699/
Pinto,199975.0,2,3,116.0,Calle de San Vicente,103736043,https://www.idealista.com/inmueble/103736043/
Pinto,128000.0,1,1,68.0,Calle de San Sebastián,89933615,https://www.idealista.com/inmueble/89933615/
Pinto,128000.0,1,1,67.0,Calle de San Sebastián,89264195,https://www.idealista.com/inmueble/89264195/
Pinto,133000.0,1,2,70.0,Calle de San Sebastián,89264168,https://www.idealista.com/inmueble/89264168/
Pinto,255000.0,2,4,132.0,Calle de Santa Ana,103210498,https://www.idealista.com/inmueble/103210498/
Pinto,542100.0,3,4,223.0,Puerta Pinto - Valparaíso,102630644,https://www.idealista.com/inmueble/102630644/
Pinto,160000.0,1,3,82.0,Centro - Ayuntamiento,103856353,https://www.idealista.com/inmueble/103856353/
Pinto,435000.0,2,3,123.0,Calle Federico Chueca,103781903,https://www.idealista.com/inmueble/103781903/
Pinto,275900.0,2,4,133.0,San José - Buenos Aires,103819338,https://www.idealista.com/inmueble/103819338/
Pinto,123050.0,1,1,55.0,federico garcia lorca,103109366,https://www.idealista.com/inmueble/103109366/
Pinto,240000.0,2,4,162.0,Calle de Cádiz,103809933,https://www.idealista.com/inmueble/103809933/
Pinto,139000.0,1,1,46.0,Centro - Ayuntamiento,103810303,https://www.idealista.com/inmueble/103810303/
Pinto,355000.0,3,4,313.0,Calle de San Joaquín,102939239,https://www.idealista.com/inmueble/102939239/
Pinto,369900.0,2,4,162.0,Calle Ana de Austria,103772094,https://www.idealista.com/inmueble/103772094/
Pinto,199975.0,1,3,116.0,Parque Europa - Los Pitufos,101867213,https://www.idealista.com/inmueble/101867213/
Pinto,179800.0,1,3,75.0,Calle del Parque Éboli,102988900,https://www.idealista.com/inmueble/102988900/
Pinto,460000.0,3,3,155.0,Plaza Egido de la Fuente,102704088,https://www.idealista.com/inmueble/102704088/
Pinto,220000.0,1,3,82.0,Galicia,102927199,https://www.idealista.com/inmueble/102927199/
