municipio,precio,banos,habitaciones,tamano_m2,direccion,propertyCode,url
Pozuelo de Alarcón,3275000.0,7,6,750.0,subdistrict La Finca,100912259,https://www.idealista.com/inmueble/100912259/
Pozuelo de Alarcón,3690000.0,7,7,1077.0,subdistrict Somosaguas,100124648,https://www.idealista.com/inmueble/100124648/
Pozuelo de Alarcón,3200000.0,6,6,800.0,Paseo de Hontanar,103283330,https://www.idealista.com/inmueble/103283330/
Pozuelo de Alarcón,2500000.0,5,5,567.0,"Paseo de los lagos, 2",94013894,https://www.idealista.com/inmueble/94013894/
Pozuelo de Alarcón,2190000.0,5,6,582.0,Calle Talavera,100017563,https://www.idealista.com/inmueble/100017563/
Pozuelo de Alarcón,998000.0,4,6,375.0,subdistrict Zona Pueblo,103005772,https://www.idealista.com/inmueble/103005772/
Pozuelo de Alarcón,2190000.0,4,6,582.0,Calle Talavera,99967293,https://www.idealista.com/inmueble/99967293/
Pozuelo de Alarcón,998000.0,5,6,375.0,Calle Isla de Tabarca,102747094,https://www.idealista.com/inmueble/102747094/
Pozuelo de Alarcón,1100000.0,2,3,159.0,subdistrict Zona Avenida Europa,102938966,https://www.idealista.com/inmueble/102938966/
Pozuelo de Alarcón,1390000.0,5,6,404.0,subdistrict Montealina,102109273,https://www.idealista.com/inmueble/102109273/
Pozuelo de Alarcón,799000.0,3,4,285.0,Calle Javier Fernández Golfín,102829387,https://www.idealista.com/inmueble/102829387/
Pozuelo de Alarcón,1050000.0,6,7,571.0,subdistrict La Cabaña,97779462,https://www.idealista.com/inmueble/97779462/
Pozuelo de Alarcón,2475000.0,6,5,625.0,Paseo de los Lagos,103699993,https://www.idealista.com/inmueble/103699993/
Pozuelo de Alarcón,2475000.0,5,5,550.0,"Paseo de los lagos, 2",103813234,https://www.idealista.com/inmueble/103813234/
Pozuelo de Alarcón,2080000.0,6,5,700.0,subdistrict Somosaguas,38871058,https://www.idealista.com/inmueble/38871058/
Pozuelo de Alarcón,950000.0,2,2,195.0,Avenida de Europa,103746083,https://www.idealista.com/inmueble/103746083/
Pozuelo de Alarcón,1850000.0,5,4,450.0,"Paseo DEL CLUB DEPORTIVO, 2",103299042,https://www.idealista.com/inmueble/103299042/
Pozuelo de Alarcón,1290000.0,4,6,380.0,subdistrict Zona norte,103619380,https://www.idealista.com/inmueble/103619380/
Pozuelo de Alarcón,1600000.0,5,5,610.0,mistral,88689166,https://www.idealista.com/inmueble/88689166/
Pozuelo de Alarcón,2790000.0,8,7,1026.0,subdistrict Zona Pueblo,103620803,https://www.idealista.com/inmueble/103620803/
Pozuelo de Alarcón,1190000.0,3,3,162.0,subdistrict Somosaguas,103671261,https://www.idealista.com/inmueble/103671261/
Pozuelo de Alarcón,799000.0,3,4,285.0,Calle Javier Fernández Golfín,103031550,https://www.idealista.com/inmueble/103031550/
Pozuelo de Alarcón,1100000.0,2,3,159.0,Avenida DE EUROPA,102885281,https://www.idealista.com/inmueble/102885281/
Pozuelo de Alarcón,1200000.0,5,7,394.0,subdistrict Zona Pueblo,103336388,https://www.idealista.com/inmueble/103336388/
Pozuelo de Alarcón,6000000.0,9,9,1077.0,subdistrict Somosaguas,101340225,https://www.idealista.com/inmueble/101340225/
Pozuelo de Alarcón,885000.0,4,4,238.0,subdistrict Zona Estación,101399733,https://www.idealista.com/inmueble/101399733/
Pozuelo de Alarcón,1900000.0,7,5,703.0,subdistrict Montealina,95539683,https://www.idealista.com/inmueble/95539683/
Pozuelo de Alarcón,1050000.0,6,7,571.0,subdistrict La Cabaña,101848958,https://www.idealista.com/inmueble/101848958/
Pozuelo de Alarcón,650000.0,3,3,162.0,subdistrict Zona norte,103113162,https://www.idealista.com/inmueble/103113162/
Pozuelo de Alarcón,3900000.0,9,8,1170.0,subdistrict Somosaguas,102582888,https://www.idealista.com/inmueble/102582888/
Pozuelo de Alarcón,5400000.0,7,8,925.0,subdistrict Prado Largo,102487080,https://www.idealista.com/inmueble/102487080/
Pozuelo de Alarcón,1880000.0,4,7,540.0,subdistrict Monteclaro,102385293,https://www.idealista.com/inmueble/102385293/
Pozuelo de Alarcón,1050000.0,7,9,571.0,subdistrict La Cabaña,97327688,https://www.idealista.com/inmueble/97327688/
Pozuelo de Alarcón,1195000.0,7,5,349.0,subdistrict Zona Pueblo,102955966,https://www.idealista.com/inmueble/102955966/
Pozuelo de Alarcón,4500000.0,6,5,977.0,subdistrict Zona Pueblo,102550578,https://www.idealista.com/inmueble/102550578/
Pozuelo de Alarcón,1195000.0,6,4,349.0,subdistrict Zona Pueblo,102848914,https://www.idealista.com/inmueble/102848914/
Pozuelo de Alarcón,795000.0,5,6,355.0,subdistrict Zona norte,101467516,https://www.idealista.com/inmueble/101467516/
Pozuelo de Alarcón,2475000.0,5,6,567.0,"Paseo de Los Lagos, 2",103139109,https://www.idealista.com/inmueble/103139109/
Pozuelo de Alarcón,1150000.0,4,5,378.0,subdistrict Zona Estación,103717990,https://www.idealista.com/inmueble/103717990/
Pozuelo de Alarcón,1875000.0,5,4,450.0,"Paseo del hontanar, 1",103135188,https://www.idealista.com/inmueble/103135188/
Pozuelo de Alarcón,1900000.0,6,5,730.0,subdistrict Montealina,95710516,https://www.idealista.com/inmueble/95710516/
Pozuelo de Alarcón,5400000.0,7,7,925.0,subdistrict Prado Largo,102474119,https://www.idealista.com/inmueble/102474119/
Pozuelo de Alarcón,750000.0,3,4,234.0,subdistrict Prado de Somosaguas,102425772,https://www.idealista.com/inmueble/102425772/
Pozuelo de Alarcón,1020000.0,3,5,229.0,subdistrict Prado de Somosaguas,101944887,https://www.idealista.com/inmueble/101944887/
Pozuelo de Alarcón,895000.0,2,1,82.0,Avenida de Luis García Cereceda,102858180,https://www.idealista.com/inmueble/102858180/
Pozuelo de Alarcón,4500000.0,5,6,977.0,subdistrict Zona Pueblo,103448374,https://www.idealista.com/inmueble/103448374/
Pozuelo de Alarcón,730000.0,3,4,210.0,subdistrict Zona Avenida Europa,99231617,https://www.idealista.com/inmueble/99231617/
Pozuelo de Alarcón,2480000.0,5,6,875.0,subdistrict Somosaguas,25718189,https://www.idealista.com/inmueble/25718189/
Pozuelo de Alarcón,1190000.0,3,3,150.0,subdistrict Somosaguas,102851519,https://www.idealista.com/inmueble/102851519/
Pozuelo de Alarcón,890000.0,2,3,273.0,subdistrict Zona norte,103016100,https://www.idealista.com/inmueble/103016100/
