municipio,precio,banos,habitaciones,tamano_m2,direccion,propertyCode,url
San Fernando de Henares,450000.0,2,4,180.0,Centro,99735224,https://www.idealista.com/inmueble/99735224/
San Fernando de Henares,435000.0,2,3,150.0,Centro,99734252,https://www.idealista.com/inmueble/99734252/
San Fernando de Henares,490000.0,4,5,245.0,Montserrat - Parque Empresarial,99378908,https://www.idealista.com/inmueble/99378908/
San Fernando de Henares,180000.0,1,3,66.0,Travesía de Montserrat,103700067,https://www.idealista.com/inmueble/103700067/
San Fernando de Henares,259000.0,2,3,140.0,Montserrat - Parque Empresarial,103876287,https://www.idealista.com/inmueble/103876287/
San Fernando de Henares,210000.0,2,3,88.0,Calle de los Alperchines,101520800,https://www.idealista.com/inmueble/101520800/
San Fernando de Henares,257500.0,2,3,125.0,Rosa Pardo,91805389,https://www.idealista.com/inmueble/91805389/
San Fernando de Henares,123000.0,1,2,65.0,CL. PALENCIA,101258496,https://www.idealista.com/inmueble/101258496/
San Fernando de Henares,212000.0,1,1,70.0,Montserrat - Parque Empresarial,102111896,https://www.idealista.com/inmueble/102111896/
San Fernando de Henares,187000.0,1,2,94.0,Parque Roma - Coronas,102516249,https://www.idealista.com/inmueble/102516249/
San Fernando de Henares,190000.0,1,3,85.0,Calle de la Presa,100671725,https://www.idealista.com/inmueble/100671725/
San Fernando de Henares,400000.0,3,4,145.0,Avenida de la Constitución,102498236,https://www.idealista.com/inmueble/102498236/
San Fernando de Henares,180000.0,1,2,84.0,Calle jose alix alix,103554321,https://www.idealista.com/inmueble/103554321/
San Fernando de Henares,259000.0,2,2,91.0,Calle de la Era,100248387,https://www.idealista.com/inmueble/100248387/
San Fernando de Henares,475000.0,3,5,240.0,Adolfo Pérez Esquivel,99407913,https://www.idealista.com/inmueble/99407913/
San Fernando de Henares,490000.0,4,4,170.0,Calle Valencia,94364761,https://www.idealista.com/inmueble/94364761/
San Fernando de Henares,301500.0,2,3,119.0,solares,103213018,https://www.idealista.com/inmueble/103213018/
San Fernando de Henares,299900.0,2,4,170.0,Alperchines,102667467,https://www.idealista.com/inmueble/102667467/
San Fernando de Henares,209400.0,1,2,77.0,solares,103213104,https://www.idealista.com/inmueble/103213104/
San Fernando de Henares,280000.0,2,3,188.0,la era,102051219,https://www.idealista.com/inmueble/102051219/
San Fernando de Henares,199999.0,2,3,51.0,Zarauz,102373786,https://www.idealista.com/inmueble/102373786/
San Fernando de Henares,414783.0,2,3,146.0,"Calle Gonzalo Córdoba, 53",94945741,https://www.idealista.com/obra-nueva/94945741/
San Fernando de Henares,220694.0,1,1,73.0,"Calle Gonzalo Córdoba, 53",95090622,https://www.idealista.com/obra-nueva/95090622/
San Fernando de Henares,197000.0,2,3,100.0,Travesía del molino,93383396,https://www.idealista.com/inmueble/93383396/
San Fernando de Henares,234729.0,2,2,78.0,"Calle Gonzalo Córdoba, 53",95090597,https://www.idealista.com/obra-nueva/95090597/
San Fernando de Henares,217694.0,1,1,73.0,"Calle Gonzalo Córdoba, 53",94945792,https://www.idealista.com/obra-nueva/94945792/
San Fernando de Henares,331089.0,2,2,117.0,"Calle Gonzalo Córdoba, 53",94945760,https://www.idealista.com/obra-nueva/94945760/
San Fernando de Henares,231729.0,2,2,78.0,"Calle Gonzalo Córdoba, 53",94945799,https://www.idealista.com/obra-nueva/94945799/
San Fernando de Henares,288000.0,2,3,155.0,Avila,101876779,https://www.idealista.com/inmueble/101876779/
San Fernando de Henares,233700.0,2,1,77.0,Calle de la Era,100901528,https://www.idealista.com/inmueble/100901528/
San Fernando de Henares,248500.0,2,1,81.0,Calle de la Era,100902031,https://www.idealista.com/inmueble/100902031/
San Fernando de Henares,139500.0,1,3,78.0,Calle Pablo Picasso,101711303,https://www.idealista.com/inmueble/101711303/
San Fernando de Henares,308500.0,2,3,125.0,Rosa Pardo,101948456,https://www.idealista.com/inmueble/101948456/
San Fernando de Henares,275000.0,2,3,121.0,Montserrat - Parque Empresarial,103794359,https://www.idealista.com/inmueble/103794359/
San Fernando de Henares,247500.0,2,3,129.0,Zarauz,102367543,https://www.idealista.com/inmueble/102367543/
San Fernando de Henares,153990.0,1,3,108.0,Salamanca,103843040,https://www.idealista.com/inmueble/103843040/
San Fernando de Henares,206500.0,2,3,104.0,Calle Vergara,100633618,https://www.idealista.com/inmueble/100633618/
San Fernando de Henares,220000.0,2,3,96.0,"Alava, 34",101097652,https://www.idealista.com/inmueble/101097652/
San Fernando de Henares,173000.0,1,3,75.0,Montserrat - Parque Empresarial,103839805,https://www.idealista.com/inmueble/103839805/
San Fernando de Henares,361000.0,2,3,276.0,Calle de Antonio Machado,103192178,https://www.idealista.com/inmueble/103192178/
San Fernando de Henares,183000.0,1,3,93.0,Calle Beasain,102926706,https://www.idealista.com/inmueble/102926706/
San Fernando de Henares,275000.0,2,3,119.0,Calle Rosa Pardo,102566552,https://www.idealista.com/inmueble/102566552/
San Fernando de Henares,250000.0,2,3,101.0,Centro,102941573,https://www.idealista.com/inmueble/102941573/
San Fernando de Henares,508000.0,4,5,256.0,Montserrat - Parque Empresarial,103739695,https://www.idealista.com/inmueble/103739695/
San Fernando de Henares,255000.0,4,5,256.0,Montserrat - Parque Empresarial,103740065,https://www.idealista.com/inmueble/103740065/
San Fernando de Henares,465000.0,3,4,240.0,Parque Roma - Coronas,103578853,https://www.idealista.com/inmueble/103578853/
San Fernando de Henares,160000.0,1,3,75.0,"Virgen del tempo, 7",102988012,https://www.idealista.com/inmueble/102988012/
San Fernando de Henares,235000.0,2,3,108.0,Algorta,99438289,https://www.idealista.com/inmueble/99438289/
San Fernando de Henares,449000.0,3,4,246.0,Calle Miguel Angel Asturias,102837177,https://www.idealista.com/inmueble/102837177/
San Fernando de Henares,215000.0,1,3,97.0,alava,103440526,https://www.idealista.com/inmueble/103440526/
