municipio,precio,banos,habitaciones,tamano_m2,direccion,propertyCode,url
Valdemoro,339500.0,2,3,146.0,Calle Alcalde Antonio Pariente Cuesta,102785651,https://www.idealista.com/inmueble/102785651/
Valdemoro,232000.0,2,3,99.0,Hospital,103452528,https://www.idealista.com/inmueble/103452528/
Valdemoro,399900.0,3,4,182.0,Hispanoamérica - Comunidades,102739031,https://www.idealista.com/inmueble/102739031/
Valdemoro,349900.0,3,5,195.0,Centro,103353034,https://www.idealista.com/inmueble/103353034/
Valdemoro,215000.0,2,3,115.0,Avenida del Mar Mediterráneo,101763421,https://www.idealista.com/inmueble/101763421/
Valdemoro,324900.0,2,3,111.0,"Calle Fernando VI, 12",100118149,https://www.idealista.com/obra-nueva/100118149/
Valdemoro,259900.0,2,2,86.0,"Calle Fernando VI, 12",97270788,https://www.idealista.com/obra-nueva/97270788/
Valdemoro,265400.0,2,2,85.0,"Calle Fernando VI, 12",97270789,https://www.idealista.com/obra-nueva/97270789/
Valdemoro,349900.0,2,3,115.0,"Calle Fernando VI, 12",97849744,https://www.idealista.com/obra-nueva/97849744/
Valdemoro,261900.0,2,2,86.0,"Calle Fernando VI, 12",97270783,https://www.idealista.com/obra-nueva/97270783/
Valdemoro,393800.0,2,4,145.0,"Calle Fernando VI, 12",95931428,https://www.idealista.com/obra-nueva/95931428/
Valdemoro,430000.0,3,5,389.0,Calle de Puerto Rico,103851603,https://www.idealista.com/inmueble/103851603/
Valdemoro,245000.0,2,2,137.0,"Agustina de Aragón 10, 10",103866441,https://www.idealista.com/inmueble/103866441/
Valdemoro,339900.0,2,4,148.0,Calle Agustina de Aragón,103425765,https://www.idealista.com/inmueble/103425765/
Valdemoro,286000.0,2,3,125.0,Calle Diego de Almagro  no number,103752492,https://www.idealista.com/obra-nueva/103752492/
Valdemoro,217000.0,2,3,131.0,Calle Letonia,102857907,https://www.idealista.com/inmueble/102857907/
Valdemoro,320000.0,3,3,241.0,Calle Islas Bermudas,103165103,https://www.idealista.com/inmueble/103165103/
Valdemoro,341420.0,3,4,264.0,Hispanoamérica - Comunidades,97857926,https://www.idealista.com/inmueble/97857926/
Valdemoro,341420.0,2,3,256.0,Calle República Dominicana,103869980,https://www.idealista.com/inmueble/103869980/
Valdemoro,338000.0,3,5,258.0,Calle de Crono,103788862,https://www.idealista.com/inmueble/103788862/
Valdemoro,216000.0,2,2,146.0,Hospital,103556414,https://www.idealista.com/inmueble/103556414/
Valdemoro,375000.0,3,4,186.0,Zona Estación,103461488,https://www.idealista.com/inmueble/103461488/
Valdemoro,359000.0,3,3,187.0,illescas,100296649,https://www.idealista.com/inmueble/100296649/
Valdemoro,242000.0,2,2,94.0,"Avenida de los Reyes Católicos, 4",103855347,https://www.idealista.com/obra-nueva/103855347/
Valdemoro,265000.0,2,2,144.0,"Avenida de los Reyes Católicos, 4",103855343,https://www.idealista.com/obra-nueva/103855343/
Valdemoro,215000.0,2,2,83.0,"Avenida de los Reyes Católicos, 4",103855335,https://www.idealista.com/obra-nueva/103855335/
Valdemoro,170000.0,1,2,86.0,Calle Valdesanchuela,103867101,https://www.idealista.com/inmueble/103867101/
Valdemoro,285000.0,2,2,144.0,"Avenida de los Reyes Católicos, 4",103855344,https://www.idealista.com/obra-nueva/103855344/
Valdemoro,165000.0,1,2,66.0,Hispanoamérica - Comunidades,103864686,https://www.idealista.com/inmueble/103864686/
Valdemoro,178000.0,1,3,87.0,Avenida de Andalucía,103854709,https://www.idealista.com/inmueble/103854709/
Valdemoro,185500.0,2,2,117.0,"Isla Graciosa, 9",103854848,https://www.idealista.com/inmueble/103854848/
Valdemoro,135000.0,1,2,71.0,Calle Ruiz de Alda,101014203,https://www.idealista.com/inmueble/101014203/
Valdemoro,265000.0,2,3,100.0,Calle de Felipe III,103876813,https://www.idealista.com/inmueble/103876813/
Valdemoro,298000.0,3,6,300.0,Calle Toledo,103850783,https://www.idealista.com/inmueble/103850783/
Valdemoro,400000.0,2,5,189.0,Calle Taeña,103854637,https://www.idealista.com/inmueble/103854637/
Valdemoro,498000.0,3,5,371.0,Calle Trabajadoras del Cotton,103861457,https://www.idealista.com/inmueble/103861457/
Valdemoro,499999.0,4,5,480.0,"Calle Nicasio Fraile, 17",90102000,https://www.idealista.com/inmueble/90102000/
Valdemoro,400000.0,3,5,287.0,Calle de Séneca,103646007,https://www.idealista.com/inmueble/103646007/
Valdemoro,399000.0,3,5,200.0,Ronda de las Comunidades,103130945,https://www.idealista.com/inmueble/103130945/
Valdemoro,340000.0,2,5,245.0,Calle Neptuno,99242047,https://www.idealista.com/inmueble/99242047/
Valdemoro,170000.0,2,3,97.0,Paseo del Prado,102462578,https://www.idealista.com/inmueble/102462578/
Valdemoro,360000.0,3,5,267.0,Calle Polifemo,101739294,https://www.idealista.com/inmueble/101739294/
Valdemoro,341420.0,3,4,259.0,Calle República Dominicana,103584328,https://www.idealista.com/inmueble/103584328/
Valdemoro,190000.0,3,2,111.0,Plaza Esparto,99838387,https://www.idealista.com/inmueble/99838387/
Valdemoro,239900.0,2,4,111.0,Paseo de la Estación,103426588,https://www.idealista.com/inmueble/103426588/
Valdemoro,245000.0,2,3,118.0,Calle Ana Frank,103817838,https://www.idealista.com/inmueble/103817838/
Valdemoro,210000.0,2,3,97.0,Avenida del Mar Mediterráneo,103593418,https://www.idealista.com/inmueble/103593418/
Valdemoro,247000.0,2,3,108.0,Calle Agustina de Aragón no number,99415006,https://www.idealista.com/obra-nueva/99415006/
Valdemoro,440000.0,4,5,273.0,"Calle Maria Curie, 74",92956181,https://www.idealista.com/inmueble/92956181/
Valdemoro,212000.0,1,4,91.0,"Calle Libertad, 61 -59",89881797,https://www.idealista.com/inmueble/89881797/
