municipio,precio,banos,habitaciones,tamano_m2,direccion,propertyCode,url
Villanueva del Pardillo,670000.0,4,4,320.0,camilo Jose Cela,100156822,https://www.idealista.com/inmueble/100156822/
Villanueva del Pardillo,449900.0,3,5,200.0,Los Llanos - Valle Pardo no number,102108314,https://www.idealista.com/inmueble/102108314/
Villanueva del Pardillo,660000.0,3,4,250.0,Calle MARIO VARGAS LLOSA no number,103183899,https://www.idealista.com/inmueble/103183899/
Villanueva del Pardillo,719000.0,4,4,280.0,Las Vegas - Santa María,103093001,https://www.idealista.com/inmueble/103093001/
Villanueva del Pardillo,1180000.0,3,4,345.0,Las Vegas - Santa María,101822382,https://www.idealista.com/inmueble/101822382/
Villanueva del Pardillo,439000.0,3,5,240.0,"Calle de Santiago, 6",103681294,https://www.idealista.com/inmueble/103681294/
Villanueva del Pardillo,192000.0,1,1,63.0,Camino real,103698856,https://www.idealista.com/inmueble/103698856/
Villanueva del Pardillo,449900.0,3,3,195.0,Miriam Cogolludo,103413652,https://www.idealista.com/inmueble/103413652/
Villanueva del Pardillo,449000.0,3,4,163.0,Valle de Cueto,102753593,https://www.idealista.com/inmueble/102753593/
Villanueva del Pardillo,285000.0,2,3,101.0,Calle Martires,101787669,https://www.idealista.com/inmueble/101787669/
Villanueva del Pardillo,449000.0,3,4,141.0,Los Llanos - Valle Pardo,103788907,https://www.idealista.com/inmueble/103788907/
Villanueva del Pardillo,1200000.0,5,4,515.0,Santa Maria de Berrocal,103719372,https://www.idealista.com/inmueble/103719372/
Villanueva del Pardillo,719000.0,3,4,330.0,Las Vegas - Santa María,100704098,https://www.idealista.com/inmueble/100704098/
Villanueva del Pardillo,347500.0,2,2,112.0,Centro,103464893,https://www.idealista.com/inmueble/103464893/
Villanueva del Pardillo,379000.0,2,6,219.0,"Camino Real, 13",99076802,https://www.idealista.com/inmueble/99076802/
Villanueva del Pardillo,734900.0,4,4,280.0,"Urbanizacion Natura, 1",103160842,https://www.idealista.com/inmueble/103160842/
Villanueva del Pardillo,540000.0,3,3,207.0,Centro,102986467,https://www.idealista.com/inmueble/102986467/
Villanueva del Pardillo,169000.0,1,1,60.0,san pedro,101933974,https://www.idealista.com/inmueble/101933974/
Villanueva del Pardillo,780000.0,4,4,291.0,Calle Isla de Cabrera,103748609,https://www.idealista.com/inmueble/103748609/
Villanueva del Pardillo,264900.0,2,3,104.0,Avenida DEL GUADARRAMA,101072891,https://www.idealista.com/inmueble/101072891/
Villanueva del Pardillo,695000.0,5,4,353.0,"Calle Aguamarina, 23",98170201,https://www.idealista.com/obra-nueva/98170201/
Villanueva del Pardillo,325000.0,2,2,94.0,Valle del Cerrato,103501803,https://www.idealista.com/inmueble/103501803/
Villanueva del Pardillo,499000.0,4,4,174.0,Calle Valle De Cueto,103736909,https://www.idealista.com/inmueble/103736909/
Villanueva del Pardillo,285000.0,3,3,107.0,Centro,101940386,https://www.idealista.com/inmueble/101940386/
Villanueva del Pardillo,1180000.0,1,5,336.0,Las Vegas - Santa María,101791844,https://www.idealista.com/inmueble/101791844/
Villanueva del Pardillo,860000.0,4,4,238.0,"Avenida San Pablo, 16",103692196,https://www.idealista.com/obra-nueva/103692196/
Villanueva del Pardillo,560000.0,3,3,313.0,"Calle Sierra de Moratalla, 27",103376718,https://www.idealista.com/obra-nueva/103376718/
Villanueva del Pardillo,499000.0,4,4,174.0,Los Llanos - Valle Pardo,103768642,https://www.idealista.com/inmueble/103768642/
Villanueva del Pardillo,390000.0,3,3,135.0,Jacinto Benavente,103809911,https://www.idealista.com/inmueble/103809911/
Villanueva del Pardillo,439990.0,2,4,190.0,Camino del Retamar,103575487,https://www.idealista.com/inmueble/103575487/
Villanueva del Pardillo,545000.0,3,3,321.0,Calle Aguamarina no number,98346544,https://www.idealista.com/obra-nueva/98346544/
Villanueva del Pardillo,560000.0,3,3,321.0,Calle Aguamarina no number,100816260,https://www.idealista.com/obra-nueva/100816260/
Villanueva del Pardillo,350000.0,2,3,158.0,Los Llanos - Valle Pardo,103322059,https://www.idealista.com/inmueble/103322059/
Villanueva del Pardillo,530000.0,2,3,121.0,Calle Camilo José Cela esquina Calle Jacinto Benavente no number,97230376,https://www.idealista.com/obra-nueva/97230376/
Villanueva del Pardillo,510000.0,2,3,116.0,Calle Camilo José Cela esquina Calle Jacinto Benavente no number,97230351,https://www.idealista.com/obra-nueva/97230351/
Villanueva del Pardillo,432277.0,3,3,178.0,Calle Valle de Aran no number,103754266,https://www.idealista.com/obra-nueva/103754266/
Villanueva del Pardillo,1180000.0,5,5,470.0,luisant,101496797,https://www.idealista.com/inmueble/101496797/
Villanueva del Pardillo,268000.0,1,2,86.0,Calle Concepción,103758043,https://www.idealista.com/inmueble/103758043/
Villanueva del Pardillo,538000.0,2,3,318.0,"Calle valle del roncal, 2",101664885,https://www.idealista.com/obra-nueva/101664885/
Villanueva del Pardillo,540000.0,2,3,328.0,"Calle valle del roncal, 2",101590264,https://www.idealista.com/obra-nueva/101590264/
Villanueva del Pardillo,535000.0,2,3,318.0,"Calle valle del roncal, 2",101590316,https://www.idealista.com/obra-nueva/101590316/
Villanueva del Pardillo,399900.0,4,3,160.0,LAS TERRAZAS DE LOS PALACIOS,102995701,https://www.idealista.com/inmueble/102995701/
Villanueva del Pardillo,535000.0,2,3,323.0,"Calle valle del roncal, 2",101590287,https://www.idealista.com/obra-nueva/101590287/
Villanueva del Pardillo,538000.0,2,3,324.0,"Calle valle del roncal, 2",101590275,https://www.idealista.com/obra-nueva/101590275/
Villanueva del Pardillo,418777.0,3,3,178.0,Calle Valle de Aran no number,102554645,https://www.idealista.com/obra-nueva/102554645/
Villanueva del Pardillo,401000.0,3,3,177.0,Calle Valle de Aran no number,103243589,https://www.idealista.com/obra-nueva/103243589/
Villanueva del Pardillo,510000.0,4,5,175.0,Los Llanos - Valle Pardo,103093111,https://www.idealista.com/inmueble/103093111/
Villanueva del Pardillo,700000.0,4,4,330.0,"Calle Vicente Aleixandre, 49",91475491,https://www.idealista.com/obra-nueva/91475491/
Villanueva del Pardillo,292400.0,2,3,109.0,Calle Alcalde Juan González Miramón no number,102882506,https://www.idealista.com/obra-nueva/102882506/
Villanueva del Pardillo,351956.0,2,3,147.0,Calle Valle de Aran no number,102554538,https://www.idealista.com/obra-nueva/102554538/
