Educación, formación e investigación.Educación.Enseñanza no universitaria.Régimen general.Unidades escolares.Total. Total unidades escolares en centros no universitarios. Unidad: Número. Fuente: Subdirección General de Evaluación y Análisis. Consejería de Educación, Ciencia y Universidades.;
Serie;;;1994;1995;1996;1997;1998;1999;2000;2001;2002;2003;2004;2005;2006;2007;2008;2009;2010;2011;2012;2013;2014;2015;2016;2017;2018;2019;2020;2021;2022;2023;2024(P)
Comunidad de Madrid;;Comunidad de Madrid;36.201,00;36.813,00;36.746,00;36.379,00;36.441,00;36.613,00;37.176,00;37.582,00;38.151,00;40.383,00;40.714,00;41.434,00;42.489,00;43.933,00;45.745,00;46.718,00;47.672,00;48.765,00;49.638,00;50.062,00;50.024,00;50.105,00;50.889,00;51.587,00;52.315,00;52.987,00;54.124,00;61.446,00;54.685,00;55.715,00;56.853,00;
Zonas Estadísticas;01;Municipio de Madrid ;17.957,00;18.121,00;17.988,00;17.657,00;17.470,00;17.478,00;17.555,00;17.673,00;17.758,00;18.700,00;18.643,00;18.836,00;19.238,00;19.652,00;20.264,00;20.670,00;21.025,00;21.444,00;21.630,00;21.815,00;21.803,00;21.750,00;21.977,00;22.237,00;22.603,00;22.850,00;23.421,00;26.309,00;23.752,00;24.222,00;24.743,00;
Zonas Estadísticas;02;Norte Metropolitano ;1.841,00;1.956,00;1.979,00;1.893,00;2.090,00;2.169,00;2.265,00;2.367,00;2.413,00;2.558,00;2.629,00;2.663,00;2.723,00;2.809,00;2.939,00;2.955,00;3.004,00;3.085,00;3.159,00;3.196,00;3.192,00;3.209,00;3.276,00;3.340,00;3.391,00;3.449,00;3.492,00;3.910,00;3.523,00;3.609,00;3.704,00;
Zonas Estadísticas;03;Este Metropolitano  ;3.679,00;3.729,00;3.717,00;3.725,00;3.764,00;3.764,00;3.840,00;3.827,00;3.887,00;4.088,00;4.100,00;4.156,00;4.261,00;4.406,00;4.594,00;4.636,00;4.746,00;4.899,00;5.010,00;5.067,00;5.108,00;5.141,00;5.238,00;5.312,00;5.377,00;5.462,00;5.556,00;6.384,00;5.620,00;5.745,00;5.889,00;
Zonas Estadísticas;04;Sur Metropolitano   ;8.694,00;8.766,00;8.680,00;8.477,00;8.352,00;8.227,00;8.251,00;8.187,00;8.187,00;8.632,00;8.483,00;8.532,00;8.653,00;8.913,00;9.211,00;9.357,00;9.520,00;9.743,00;10.062,00;10.188,00;10.265,00;10.358,00;10.589,00;10.738,00;10.919,00;11.099,00;11.299,00;13.286,00;11.395,00;11.578,00;11.777,00;
Zonas Estadísticas;05;Oeste Metropolitano ;2.333,00;2.480,00;2.545,00;2.652,00;2.793,00;2.920,00;3.026,00;3.140,00;3.352,00;3.581,00;3.704,00;3.882,00;4.090,00;4.335,00;4.652,00;4.748,00;4.831,00;4.898,00;4.980,00;4.986,00;4.915,00;4.908,00;4.979,00;5.017,00;5.080,00;5.153,00;5.219,00;5.808,00;5.230,00;5.300,00;5.347,00;
Zonas Estadísticas;06;Sierra Norte        ;176,00;175,00;176,00;170,00;190,00;197,00;216,00;214,00;220,00;254,00;274,00;326,00;304,00;342,00;367,00;380,00;361,00;394,00;384,00;393,00;362,00;357,00;369,00;370,00;371,00;376,00;393,00;440,00;383,00;404,00;409,00;
Zonas Estadísticas;07;Nordeste Comunidad  ;121,00;135,00;142,00;143,00;149,00;177,00;173,00;183,00;204,00;228,00;277,00;284,00;317,00;371,00;425,00;469,00;485,00;494,00;505,00;515,00;502,00;511,00;529,00;545,00;544,00;556,00;566,00;626,00;566,00;576,00;593,00;
Zonas Estadísticas;08;Sudeste Comunidad   ;423,00;425,00;447,00;469,00;492,00;503,00;554,00;562,00;577,00;605,00;631,00;655,00;674,00;710,00;758,00;771,00;788,00;821,00;814,00;803,00;793,00;774,00;778,00;791,00;789,00;789,00;807,00;911,00;831,00;844,00;880,00;
Zonas Estadísticas;09;Sudoeste Comunidad  ;354,00;360,00;366,00;365,00;388,00;405,00;444,00;496,00;548,00;611,00;652,00;700,00;744,00;841,00;902,00;995,00;1.067,00;1.127,00;1.191,00;1.193,00;1.216,00;1.234,00;1.255,00;1.322,00;1.343,00;1.352,00;1.405,00;1.603,00;1.429,00;1.464,00;1.507,00;
Zonas Estadísticas;10;Sierra Sur          ;147,00;160,00;170,00;168,00;171,00;170,00;187,00;201,00;201,00;212,00;227,00;228,00;232,00;242,00;250,00;252,00;289,00;272,00;278,00;292,00;260,00;260,00;259,00;257,00;256,00;253,00;278,00;313,00;291,00;289,00;303,00;
Zonas Estadísticas;11;Sierra Central      ;476,00;506,00;536,00;-;582,00;603,00;665,00;732,00;804,00;914,00;1.094,00;1.172,00;1.253,00;1.312,00;1.383,00;1.485,00;1.556,00;1.588,00;1.625,00;1.614,00;1.608,00;1.603,00;1.640,00;1.658,00;1.642,00;1.648,00;1.688,00;1.856,00;1.665,00;1.684,00;1.701,00;
Municipios;0014;Acebeda (La);0,00;0,00;0,00;0,00;0,00;0,00;0,00;0,00;0,00;0,00;0,00;0,00;0,00;0,00;0,00;0,00;0,00;0,00;0,00;0,00;0,00;0,00;0,00;0,00;0,00;0,00;0,00;0,00;0,00;0,00;0,00;
Municipios;0029;Ajalvir;11,00;11,00;11,00;12,00;11,00;12,00;15,00;17,00;16,00;15,00;17,00;18,00;24,00;26,00;28,00;26,00;35,00;37,00;38,00;37,00;38,00;36,00;36,00;35,00;38,00;38,00;40,00;49,00;39,00;37,00;37,00;
Municipios;0035;Alameda del Valle;2,00;0,00;0,00;0,00;0,00;0,00;0,00;0,00;0,00;0,00;0,00;0,00;0,00;0,00;0,00;0,00;0,00;0,00;0,00;0,00;0,00;0,00;0,00;0,00;0,00;0,00;0,00;0,00;0,00;0,00;0,00;
Municipios;0040;Álamo (El);18,00;20,00;20,00;21,00;21,00;22,00;26,00;29,00;28,00;31,00;37,00;42,00;49,00;55,00;55,00;59,00;68,00;74,00;76,00;76,00;71,00;74,00;77,00;78,00;82,00;81,00;86,00;89,00;86,00;87,00;91,00;
Municipios;0053;Alcalá de Henares;1.435,00;1.443,00;1.431,00;1.431,00;1.424,00;1.389,00;1.405,00;1.396,00;1.392,00;1.436,00;1.446,00;1.470,00;1.471,00;1.511,00;1.560,00;1.564,00;1.595,00;1.619,00;1.618,00;1.620,00;1.607,00;1.618,00;1.628,00;1.617,00;1.617,00;1.632,00;1.652,00;1.868,00;1.656,00;1.695,00;1.731,00;
Municipios;0066;Alcobendas;808,00;843,00;839,00;827,00;899,00;905,00;937,00;1.001,00;1.009,00;1.057,00;1.078,00;1.079,00;1.114,00;1.162,00;1.247,00;1.242,00;1.245,00;1.293,00;1.308,00;1.312,00;1.319,00;1.332,00;1.370,00;1.408,00;1.435,00;1.454,00;1.468,00;1.600,00;1.467,00;1.483,00;1.527,00;
Municipios;0072;Alcorcón;1.111,00;1.083,00;1.067,00;1.018,00;972,00;947,00;968,00;964,00;999,00;1.051,00;1.055,00;1.056,00;1.100,00;1.175,00;1.231,00;1.283,00;1.308,00;1.361,00;1.404,00;1.424,00;1.448,00;1.469,00;1.486,00;1.508,00;1.512,00;1.552,00;1.558,00;1.770,00;1.552,00;1.588,00;1.623,00;
Municipios;0088;Aldea del Fresno;10,00;10,00;10,00;8,00;10,00;10,00;10,00;10,00;11,00;11,00;11,00;12,00;12,00;12,00;14,00;15,00;17,00;16,00;16,00;17,00;18,00;18,00;17,00;18,00;18,00;18,00;18,00;21,00;19,00;19,00;19,00;
Municipios;0091;Algete;104,00;108,00;109,00;109,00;110,00;126,00;132,00;141,00;140,00;152,00;157,00;152,00;155,00;156,00;166,00;162,00;154,00;154,00;156,00;161,00;160,00;167,00;168,00;170,00;167,00;170,00;170,00;201,00;169,00;176,00;182,00;
Municipios;0105;Alpedrete;28,00;30,00;32,00;34,00;41,00;52,00;66,00;73,00;81,00;93,00;121,00;126,00;139,00;141,00;145,00;142,00;143,00;144,00;148,00;145,00;143,00;144,00;155,00;153,00;151,00;150,00;151,00;162,00;137,00;137,00;134,00;
Municipios;0112;Ambite;0,00;0,00;0,00;0,00;0,00;0,00;0,00;0,00;0,00;0,00;0,00;0,00;0,00;0,00;0,00;0,00;0,00;0,00;1,00;1,00;1,00;1,00;1,00;1,00;1,00;1,00;1,00;1,00;1,00;1,00;1,00;
Municipios;0127;Anchuelo;6,00;27,00;24,00;24,00;23,00;24,00;25,00;25,00;26,00;22,00;24,00;24,00;17,00;20,00;21,00;20,00;20,00;18,00;22,00;21,00;21,00;20,00;21,00;22,00;21,00;25,00;25,00;27,00;26,00;12,00;12,00;
Municipios;0133;Aranjuez;317,00;324,00;328,00;338,00;336,00;344,00;359,00;356,00;356,00;379,00;368,00;408,00;387,00;403,00;435,00;461,00;465,00;478,00;499,00;514,00;528,00;525,00;539,00;554,00;567,00;583,00;604,00;678,00;617,00;632,00;637,00;
Municipios;0148;Arganda del Rey;237,00;246,00;244,00;245,00;248,00;251,00;261,00;258,00;256,00;275,00;279,00;293,00;321,00;354,00;383,00;387,00;408,00;423,00;438,00;448,00;455,00;465,00;473,00;480,00;491,00;496,00;519,00;609,00;529,00;547,00;555,00;
Municipios;0151;Arroyomolinos;18,00;20,00;21,00;24,00;26,00;26,00;27,00;30,00;54,00;61,00;73,00;80,00;88,00;100,00;113,00;149,00;163,00;185,00;220,00;222,00;249,00;262,00;277,00;315,00;331,00;326,00;341,00;406,00;364,00;381,00;390,00;
Municipios;0164;Atazar (El);0,00;0,00;0,00;0,00;0,00;0,00;0,00;0,00;0,00;0,00;0,00;0,00;0,00;0,00;0,00;0,00;0,00;0,00;0,00;0,00;0,00;0,00;0,00;0,00;0,00;0,00;0,00;0,00;0,00;0,00;0,00;
Municipios;0170;Batres;0,00;0,00;0,00;0,00;0,00;0,00;0,00;0,00;0,00;2,00;2,00;2,00;2,00;2,00;2,00;2,00;2,00;2,00;10,00;5,00;5,00;5,00;4,00;4,00;4,00;4,00;4,00;4,00;4,00;5,00;5,00;
Municipios;0186;Becerril de la Sierra;12,00;12,00;13,00;14,00;14,00;15,00;15,00;13,00;14,00;14,00;19,00;19,00;19,00;22,00;24,00;30,00;33,00;33,00;34,00;32,00;33,00;34,00;33,00;34,00;32,00;32,00;34,00;33,00;32,00;33,00;35,00;
Municipios;0199;Belmonte de Tajo;9,00;9,00;9,00;9,00;9,00;9,00;9,00;7,00;7,00;7,00;7,00;8,00;8,00;8,00;9,00;7,00;10,00;15,00;11,00;12,00;12,00;12,00;11,00;13,00;13,00;13,00;13,00;13,00;12,00;12,00;12,00;
Municipios;0210;Berrueco (El);2,00;0,00;0,00;0,00;0,00;0,00;0,00;1,00;1,00;1,00;1,00;1,00;1,00;1,00;3,00;2,00;2,00;2,00;2,00;2,00;2,00;2,00;2,00;2,00;2,00;2,00;2,00;1,00;1,00;1,00;1,00;
Municipios;0203;Berzosa del Lozoya;0,00;0,00;0,00;0,00;0,00;0,00;0,00;0,00;0,00;0,00;2,00;2,00;2,00;2,00;5,00;2,00;5,00;3,00;3,00;2,00;1,00;1,00;1,00;1,00;0,00;0,00;0,00;0,00;0,00;0,00;0,00;
Municipios;0225;Boadilla del Monte;303,00;291,00;279,00;295,00;288,00;282,00;300,00;332,00;372,00;396,00;429,00;472,00;529,00;567,00;648,00;685,00;695,00;705,00;722,00;726,00;727,00;722,00;728,00;743,00;772,00;788,00;791,00;872,00;797,00;792,00;788,00;
Municipios;0231;Boalo (El);12,00;13,00;13,00;14,00;13,00;13,00;15,00;12,00;15,00;22,00;21,00;31,00;33,00;37,00;40,00;43,00;57,00;73,00;80,00;80,00;79,00;81,00;87,00;91,00;94,00;97,00;100,00;111,00;106,00;102,00;105,00;
Municipios;0246;Braojos;1,00;1,00;1,00;1,00;1,00;1,00;1,00;1,00;1,00;1,00;0,00;0,00;0,00;0,00;0,00;0,00;0,00;0,00;0,00;0,00;0,00;0,00;0,00;0,00;0,00;0,00;0,00;0,00;0,00;0,00;0,00;
Municipios;0259;Brea de Tajo;4,00;0,00;0,00;0,00;0,00;0,00;0,00;0,00;0,00;0,00;1,00;1,00;1,00;1,00;2,00;1,00;1,00;1,00;1,00;1,00;1,00;1,00;1,00;1,00;1,00;1,00;1,00;1,00;1,00;1,00;1,00;
Municipios;0262;Brunete;21,00;21,00;21,00;22,00;22,00;23,00;26,00;27,00;39,00;47,00;56,00;64,00;68,00;66,00;75,00;77,00;79,00;79,00;81,00;77,00;76,00;71,00;73,00;76,00;74,00;72,00;82,00;93,00;78,00;77,00;76,00;
Municipios;0278;Buitrago del Lozoya;46,00;51,00;51,00;51,00;56,00;58,00;58,00;55,00;54,00;58,00;60,00;63,00;59,00;62,00;66,00;64,00;66,00;67,00;66,00;67,00;72,00;76,00;82,00;85,00;86,00;95,00;94,00;111,00;82,00;87,00;93,00;
Municipios;0284;Bustarviejo;9,00;9,00;9,00;9,00;12,00;12,00;12,00;12,00;11,00;17,00;12,00;11,00;10,00;11,00;10,00;12,00;12,00;12,00;12,00;12,00;12,00;14,00;15,00;15,00;15,00;15,00;15,00;16,00;13,00;14,00;15,00;
Municipios;0297;Cabanillas de la Sierra;2,00;0,00;0,00;0,00;0,00;0,00;2,00;2,00;2,00;2,00;2,00;2,00;2,00;2,00;2,00;4,00;2,00;4,00;2,00;3,00;19,00;19,00;21,00;20,00;21,00;19,00;21,00;21,00;21,00;19,00;19,00;
Municipios;0301;Cabrera (La);26,00;27,00;30,00;32,00;31,00;31,00;32,00;34,00;34,00;38,00;39,00;40,00;41,00;40,00;41,00;43,00;44,00;44,00;45,00;45,00;41,00;42,00;42,00;40,00;41,00;41,00;48,00;54,00;49,00;54,00;57,00;
Municipios;0318;Cadalso de los Vidrios;14,00;15,00;16,00;15,00;18,00;18,00;20,00;19,00;20,00;19,00;19,00;18,00;19,00;22,00;25,00;24,00;25,00;25,00;24,00;23,00;21,00;23,00;24,00;24,00;22,00;22,00;25,00;27,00;27,00;26,00;27,00;
Municipios;0323;Camarma de Esteruelas;11,00;11,00;11,00;11,00;11,00;36,00;14,00;15,00;16,00;16,00;41,00;46,00;52,00;66,00;68,00;74,00;76,00;78,00;80,00;78,00;73,00;76,00;78,00;83,00;83,00;84,00;95,00;101,00;93,00;93,00;93,00;
Municipios;0339;Campo Real;14,00;14,00;15,00;14,00;13,00;14,00;19,00;20,00;21,00;19,00;19,00;21,00;22,00;33,00;36,00;38,00;38,00;39,00;42,00;39,00;35,00;36,00;37,00;39,00;41,00;41,00;41,00;46,00;43,00;41,00;40,00;
Municipios;0344;Canencia;0,00;0,00;0,00;0,00;0,00;0,00;1,00;1,00;1,00;1,00;2,00;2,00;2,00;2,00;4,00;1,00;1,00;1,00;1,00;0,00;0,00;0,00;0,00;0,00;0,00;0,00;0,00;0,00;0,00;0,00;0,00;
Municipios;0357;Carabaña;0,00;0,00;0,00;0,00;0,00;0,00;1,00;1,00;1,00;1,00;2,00;2,00;11,00;11,00;11,00;11,00;12,00;12,00;12,00;12,00;12,00;12,00;12,00;12,00;12,00;12,00;12,00;16,00;12,00;12,00;13,00;
Municipios;0360;Casarrubuelos;2,00;2,00;3,00;3,00;3,00;3,00;3,00;3,00;6,00;11,00;12,00;13,00;16,00;25,00;25,00;26,00;26,00;29,00;29,00;27,00;27,00;24,00;24,00;24,00;24,00;25,00;24,00;28,00;25,00;25,00;25,00;
Municipios;0376;Cenicientos;10,00;10,00;10,00;10,00;11,00;10,00;13,00;14,00;14,00;15,00;15,00;14,00;14,00;13,00;15,00;16,00;15,00;15,00;15,00;15,00;15,00;15,00;15,00;15,00;15,00;15,00;15,00;18,00;15,00;15,00;15,00;
Municipios;0382;Cercedilla;44,00;45,00;46,00;47,00;48,00;45,00;49,00;50,00;52,00;56,00;57,00;56,00;56,00;54,00;54,00;53,00;53,00;51,00;49,00;47,00;49,00;46,00;46,00;49,00;51,00;49,00;53,00;57,00;56,00;55,00;55,00;
Municipios;0395;Cervera de Buitrago;0,00;0,00;0,00;0,00;0,00;0,00;0,00;0,00;0,00;0,00;0,00;0,00;0,00;0,00;0,00;1,00;1,00;1,00;1,00;1,00;1,00;1,00;1,00;1,00;1,00;1,00;1,00;1,00;1,00;1,00;1,00;
Municipios;0513;Chapinería;4,00;17,00;24,00;20,00;22,00;25,00;2,00;27,00;26,00;28,00;29,00;35,00;28,00;21,00;13,00;16,00;20,00;19,00;20,00;18,00;18,00;16,00;17,00;17,00;19,00;19,00;28,00;31,00;31,00;31,00;31,00;
Municipios;0528;Chinchón;38,00;37,00;37,00;36,00;38,00;38,00;39,00;51,00;39,00;43,00;41,00;38,00;37,00;40,00;40,00;40,00;39,00;43,00;43,00;41,00;42,00;41,00;42,00;42,00;41,00;42,00;41,00;48,00;39,00;39,00;39,00;
Municipios;0409;Ciempozuelos;79,00;87,00;92,00;93,00;97,00;105,00;106,00;109,00;112,00;116,00;125,00;136,00;141,00;147,00;169,00;169,00;181,00;181,00;188,00;190,00;182,00;177,00;179,00;184,00;198,00;191,00;202,00;235,00;200,00;196,00;201,00;
Municipios;0416;Cobeña;10,00;10,00;12,00;12,00;13,00;26,00;29,00;36,00;39,00;42,00;54,00;60,00;62,00;66,00;71,00;74,00;73,00;70,00;68,00;66,00;67,00;68,00;74,00;80,00;82,00;83,00;82,00;90,00;81,00;80,00;77,00;
Municipios;0468;Collado Mediano;13,00;15,00;18,00;19,00;21,00;21,00;24,00;21,00;21,00;24,00;21,00;26,00;27,00;32,00;37,00;39,00;40,00;37,00;36,00;35,00;36,00;33,00;34,00;33,00;32,00;30,00;31,00;32,00;29,00;31,00;32,00;
Municipios;0474;Collado Villalba;244,00;298,00;325,00;339,00;374,00;399,00;435,00;433,00;459,00;473,00;480,00;479,00;501,00;508,00;517,00;512,00;525,00;536,00;534,00;532,00;514,00;510,00;513,00;504,00;504,00;509,00;511,00;573,00;519,00;515,00;539,00;
Municipios;0455;Colmenar Viejo;230,00;289,00;257,00;185,00;278,00;276,00;296,00;302,00;310,00;343,00;347,00;345,00;337,00;358,00;375,00;393,00;398,00;410,00;415,00;420,00;416,00;415,00;423,00;426,00;431,00;437,00;447,00;509,00;451,00;466,00;486,00;
Municipios;0437;Colmenar de Oreja;33,00;33,00;33,00;33,00;33,00;33,00;33,00;27,00;39,00;38,00;39,00;42,00;44,00;44,00;45,00;44,00;44,00;45,00;46,00;46,00;46,00;43,00;44,00;43,00;42,00;42,00;42,00;48,00;41,00;41,00;51,00;
Municipios;0421;Colmenar del Arroyo;5,00;0,00;0,00;0,00;0,00;0,00;23,00;1,00;1,00;1,00;1,00;1,00;1,00;1,00;10,00;10,00;9,00;12,00;12,00;12,00;11,00;11,00;12,00;12,00;12,00;11,00;12,00;12,00;11,00;11,00;12,00;
Municipios;0442;Colmenarejo;11,00;14,00;18,00;-;30,00;34,00;27,00;30,00;36,00;38,00;50,00;52,00;58,00;62,00;66,00;70,00;71,00;70,00;72,00;71,00;73,00;72,00;71,00;70,00;71,00;75,00;80,00;91,00;79,00;81,00;83,00;
Municipios;0480;Corpa;4,00;0,00;0,00;0,00;0,00;0,00;0,00;0,00;0,00;0,00;0,00;0,00;0,00;0,00;0,00;0,00;1,00;1,00;1,00;1,00;2,00;2,00;2,00;2,00;2,00;2,00;1,00;1,00;1,00;1,00;1,00;
Municipios;0493;Coslada;647,00;661,00;651,00;642,00;644,00;636,00;634,00;615,00;605,00;623,00;589,00;572,00;581,00;585,00;598,00;583,00;572,00;569,00;575,00;573,00;576,00;568,00;573,00;573,00;576,00;588,00;599,00;679,00;608,00;624,00;650,00;
Municipios;0506;Cubas de la Sagra;10,00;10,00;12,00;11,00;10,00;11,00;11,00;12,00;11,00;11,00;13,00;13,00;15,00;19,00;20,00;23,00;32,00;35,00;37,00;39,00;41,00;42,00;46,00;51,00;54,00;55,00;61,00;74,00;64,00;65,00;67,00;
Municipios;0534;Daganzo de Arriba;13,00;15,00;17,00;19,00;21,00;22,00;28,00;27,00;28,00;39,00;45,00;51,00;60,00;64,00;74,00;76,00;76,00;74,00;75,00;72,00;75,00;75,00;75,00;79,00;76,00;80,00;79,00;87,00;77,00;76,00;77,00;
Municipios;0549;Escorial (El);32,00;32,00;34,00;39,00;41,00;48,00;66,00;74,00;74,00;80,00;125,00;130,00;133,00;132,00;135,00;137,00;140,00;139,00;139,00;131,00;130,00;127,00;129,00;130,00;127,00;125,00;127,00;144,00;119,00;118,00;119,00;
Municipios;0552;Estremera;10,00;10,00;10,00;8,00;10,00;10,00;9,00;10,00;9,00;9,00;9,00;9,00;9,00;10,00;10,00;10,00;10,00;11,00;11,00;11,00;11,00;11,00;11,00;11,00;11,00;11,00;11,00;12,00;11,00;11,00;11,00;
Municipios;0565;Fresnedillas de la Oliva;4,00;0,00;0,00;0,00;0,00;0,00;0,00;0,00;1,00;1,00;11,00;11,00;11,00;11,00;11,00;11,00;11,00;11,00;11,00;11,00;11,00;11,00;11,00;11,00;10,00;10,00;10,00;11,00;10,00;10,00;10,00;
Municipios;0571;Fresno de Torote;0,00;0,00;0,00;0,00;0,00;0,00;0,00;4,00;4,00;6,00;6,00;12,00;13,00;12,00;15,00;15,00;15,00;16,00;17,00;18,00;17,00;17,00;17,00;16,00;15,00;16,00;14,00;17,00;14,00;14,00;15,00;
Municipios;0587;Fuenlabrada;1.626,00;1.702,00;1.721,00;1.721,00;1.735,00;1.738,00;1.714,00;1.679,00;1.652,00;1.724,00;1.658,00;1.651,00;1.620,00;1.618,00;1.624,00;1.593,00;1.599,00;1.615,00;1.626,00;1.617,00;1.603,00;1.594,00;1.599,00;1.601,00;1.602,00;1.609,00;1.610,00;1.950,00;1.622,00;1.655,00;1.676,00;
Municipios;0590;Fuente el Saz de Jarama;22,00;24,00;24,00;24,00;24,00;20,00;23,00;24,00;26,00;31,00;35,00;38,00;36,00;35,00;38,00;40,00;41,00;39,00;40,00;38,00;39,00;39,00;38,00;36,00;37,00;40,00;39,00;41,00;35,00;36,00;36,00;
Municipios;0604;Fuentidueña de Tajo;10,00;10,00;10,00;8,00;10,00;10,00;10,00;11,00;11,00;11,00;11,00;11,00;11,00;11,00;12,00;12,00;12,00;12,00;11,00;10,00;9,00;9,00;9,00;10,00;10,00;11,00;11,00;11,00;11,00;12,00;12,00;
Municipios;0611;Galapagar;73,00;86,00;102,00;106,00;121,00;156,00;170,00;181,00;201,00;219,00;231,00;222,00;222,00;224,00;233,00;228,00;227,00;233,00;242,00;243,00;222,00;230,00;228,00;223,00;216,00;225,00;236,00;316,00;236,00;238,00;242,00;
Municipios;0626;Garganta de los Montes;0,00;0,00;0,00;0,00;1,00;1,00;1,00;1,00;1,00;1,00;1,00;1,00;1,00;1,00;3,00;1,00;1,00;3,00;1,00;1,00;0,00;0,00;0,00;0,00;0,00;0,00;0,00;0,00;0,00;0,00;0,00;
Municipios;0632;Gargantilla del Lozoya y Pinilla de Buitrago;0,00;0,00;0,00;0,00;0,00;0,00;0,00;0,00;0,00;0,00;0,00;0,00;0,00;0,00;1,00;2,00;1,00;1,00;1,00;0,00;0,00;0,00;0,00;0,00;0,00;0,00;0,00;0,00;0,00;0,00;0,00;
Municipios;0647;Gascones;0,00;0,00;0,00;0,00;0,00;0,00;0,00;0,00;0,00;0,00;0,00;0,00;0,00;0,00;0,00;0,00;0,00;0,00;0,00;0,00;0,00;0,00;0,00;0,00;0,00;0,00;0,00;0,00;0,00;0,00;0,00;
Municipios;0650;Getafe;1.139,00;1.148,00;1.123,00;1.094,00;1.074,00;1.062,00;1.071,00;1.059,00;1.069,00;1.139,00;1.131,00;1.116,00;1.148,00;1.190,00;1.208,00;1.222,00;1.221,00;1.237,00;1.262,00;1.277,00;1.281,00;1.298,00;1.384,00;1.400,00;1.430,00;1.468,00;1.498,00;1.801,00;1.526,00;1.559,00;1.603,00;
Municipios;0663;Griñón;70,00;69,00;68,00;73,00;72,00;74,00;86,00;99,00;114,00;125,00;127,00;125,00;135,00;138,00;139,00;139,00;142,00;153,00;155,00;155,00;149,00;147,00;143,00;142,00;142,00;142,00;142,00;155,00;135,00;137,00;138,00;
Municipios;0679;Guadalix de la Sierra;11,00;11,00;12,00;11,00;12,00;15,00;19,00;23,00;23,00;26,00;29,00;30,00;31,00;45,00;49,00;45,00;46,00;48,00;47,00;47,00;45,00;43,00;42,00;40,00;41,00;39,00;43,00;46,00;43,00;43,00;43,00;
Municipios;0685;Guadarrama;60,00;62,00;59,00;60,00;62,00;62,00;66,00;73,00;76,00;87,00;98,00;95,00;103,00;93,00;95,00;150,00;173,00;181,00;189,00;194,00;196,00;196,00;207,00;210,00;211,00;213,00;215,00;247,00;212,00;217,00;221,00;
Municipios;0698;Hiruela (La);0,00;0,00;0,00;0,00;0,00;0,00;0,00;0,00;0,00;0,00;0,00;0,00;0,00;0,00;0,00;0,00;0,00;0,00;0,00;0,00;0,00;0,00;0,00;0,00;0,00;0,00;0,00;0,00;0,00;0,00;0,00;
Municipios;0702;Horcajo de la Sierra-Aoslos;0,00;0,00;0,00;0,00;0,00;0,00;0,00;0,00;0,00;0,00;0,00;0,00;0,00;0,00;0,00;0,00;0,00;0,00;0,00;0,00;0,00;0,00;0,00;0,00;0,00;0,00;0,00;0,00;0,00;0,00;0,00;
Municipios;0719;Horcajuelo de la Sierra;0,00;0,00;0,00;0,00;0,00;0,00;0,00;0,00;0,00;0,00;0,00;0,00;0,00;0,00;0,00;0,00;0,00;0,00;0,00;0,00;0,00;0,00;0,00;0,00;0,00;0,00;0,00;0,00;0,00;0,00;0,00;
Municipios;0724;Hoyo de Manzanares;21,00;22,00;23,00;26,00;30,00;33,00;33,00;35,00;39,00;56,00;42,00;41,00;43,00;42,00;44,00;48,00;48,00;47,00;46,00;46,00;42,00;38,00;37,00;44,00;44,00;47,00;48,00;54,00;50,00;50,00;52,00;
Municipios;0730;Humanes de Madrid;66,00;68,00;70,00;68,00;73,00;76,00;88,00;93,00;97,00;102,00;105,00;111,00;112,00;130,00;135,00;142,00;151,00;156,00;163,00;172,00;182,00;180,00;190,00;195,00;202,00;203,00;210,00;245,00;208,00;215,00;212,00;
Municipios;0745;Leganés;1.435,00;1.391,00;1.357,00;1.292,00;1.252,00;1.206,00;1.197,00;1.183,00;1.158,00;1.217,00;1.182,00;1.186,00;1.194,00;1.206,00;1.220,00;1.210,00;1.215,00;1.228,00;1.282,00;1.291,00;1.297,00;1.317,00;1.324,00;1.338,00;1.372,00;1.400,00;1.435,00;1.713,00;1.419,00;1.434,00;1.468,00;
Municipios;0758;Loeches;63,00;62,00;71,00;73,00;73,00;71,00;75,00;70,00;73,00;84,00;77,00;87,00;86,00;90,00;91,00;97,00;99,00;96,00;91,00;88,00;82,00;78,00;72,00;75,00;76,00;70,00;68,00;78,00;65,00;63,00;61,00;
Municipios;0761;Lozoya;12,00;15,00;13,00;9,00;11,00;10,00;9,00;10,00;9,00;9,00;13,00;10,00;10,00;13,00;12,00;16,00;11,00;12,00;11,00;10,00;10,00;9,00;12,00;12,00;9,00;8,00;7,00;8,00;5,00;8,00;6,00;
Municipios;9015;Lozoyuela-Navas-Sieteiglesias;5,00;18,00;18,00;14,00;16,00;17,00;18,00;17,00;18,00;20,00;25,00;28,00;31,00;36,00;26,00;17,00;17,00;15,00;16,00;18,00;18,00;18,00;18,00;18,00;18,00;18,00;18,00;21,00;20,00;23,00;21,00;
Municipios;0783;Madarcos;0,00;0,00;0,00;0,00;0,00;0,00;0,00;0,00;0,00;0,00;0,00;0,00;0,00;0,00;0,00;0,00;0,00;0,00;0,00;0,00;0,00;0,00;0,00;0,00;0,00;0,00;0,00;0,00;0,00;0,00;0,00;
Municipios;0796;Madrid;17.957,00;18.121,00;17.988,00;17.657,00;17.470,00;17.478,00;17.555,00;17.673,00;17.758,00;18.700,00;18.643,00;18.836,00;19.238,00;19.652,00;20.264,00;20.670,00;21.025,00;21.444,00;21.630,00;21.815,00;21.803,00;21.750,00;21.977,00;22.237,00;22.603,00;22.850,00;23.421,00;26.309,00;23.752,00;24.222,00;24.743,00;
Municipios;0800;Majadahonda;310,00;349,00;344,00;342,00;346,00;357,00;351,00;379,00;371,00;425,00;441,00;441,00;445,00;454,00;508,00;517,00;545,00;547,00;567,00;567,00;559,00;575,00;582,00;590,00;605,00;615,00;624,00;695,00;643,00;648,00;650,00;
Municipios;0822;Manzanares el Real;13,00;15,00;15,00;14,00;18,00;19,00;18,00;24,00;27,00;28,00;34,00;35,00;37,00;37,00;40,00;43,00;42,00;44,00;43,00;43,00;44,00;43,00;44,00;47,00;47,00;46,00;47,00;50,00;46,00;45,00;42,00;
Municipios;0838;Meco;23,00;27,00;29,00;30,00;34,00;41,00;46,00;48,00;59,00;65,00;70,00;76,00;86,00;91,00;92,00;96,00;92,00;91,00;96,00;100,00;97,00;100,00;107,00;112,00;113,00;113,00;118,00;126,00;112,00;115,00;119,00;
Municipios;0843;Mejorada del Campo;138,00;140,00;145,00;146,00;144,00;143,00;149,00;147,00;153,00;139,00;138,00;140,00;144,00;147,00;148,00;151,00;156,00;159,00;161,00;161,00;160,00;157,00;160,00;158,00;160,00;162,00;168,00;195,00;167,00;167,00;174,00;
Municipios;0856;Miraflores de la Sierra;20,00;21,00;22,00;19,00;22,00;22,00;24,00;24,00;25,00;27,00;30,00;30,00;35,00;35,00;35,00;35,00;36,00;35,00;36,00;36,00;36,00;37,00;38,00;37,00;38,00;39,00;39,00;45,00;39,00;39,00;39,00;
Municipios;0869;Molar (El);24,00;23,00;22,00;18,00;17,00;17,00;17,00;18,00;19,00;19,00;28,00;29,00;34,00;39,00;45,00;48,00;54,00;56,00;58,00;61,00;61,00;65,00;70,00;74,00;73,00;75,00;76,00;93,00;81,00;82,00;84,00;
Municipios;0875;Molinos (Los);12,00;12,00;15,00;14,00;15,00;16,00;18,00;18,00;17,00;23,00;24,00;24,00;24,00;29,00;28,00;27,00;28,00;27,00;26,00;27,00;26,00;24,00;24,00;24,00;23,00;24,00;24,00;26,00;25,00;25,00;24,00;
Municipios;0881;Montejo de la Sierra;2,00;2,00;0,00;0,00;1,00;1,00;1,00;1,00;1,00;1,00;1,00;1,00;1,00;1,00;2,00;1,00;1,00;1,00;1,00;1,00;1,00;1,00;1,00;1,00;1,00;1,00;1,00;1,00;1,00;1,00;1,00;
Municipios;0894;Moraleja de Enmedio;10,00;10,00;12,00;14,00;15,00;16,00;23,00;23,00;26,00;26,00;26,00;27,00;27,00;30,00;32,00;32,00;30,00;32,00;38,00;39,00;38,00;38,00;35,00;36,00;36,00;36,00;35,00;41,00;36,00;37,00;37,00;
Municipios;0908;Moralzarzal;13,00;15,00;17,00;20,00;20,00;20,00;28,00;50,00;63,00;81,00;92,00;96,00;106,00;109,00;124,00;141,00;152,00;155,00;161,00;158,00;164,00;161,00;163,00;170,00;169,00;161,00;164,00;175,00;160,00;163,00;164,00;
Municipios;0915;Morata de Tajuña;31,00;32,00;32,00;36,00;36,00;37,00;42,00;41,00;42,00;44,00;45,00;45,00;45,00;45,00;46,00;49,00;48,00;51,00;50,00;47,00;47,00;46,00;48,00;49,00;49,00;48,00;51,00;63,00;54,00;53,00;54,00;
Municipios;0920;Móstoles;1.809,00;1.816,00;1.778,00;1.723,00;1.672,00;1.629,00;1.581,00;1.530,00;1.493,00;1.521,00;1.450,00;1.419,00;1.397,00;1.378,00;1.365,00;1.369,00;1.365,00;1.374,00;1.402,00;1.422,00;1.427,00;1.436,00;1.459,00;1.470,00;1.501,00;1.528,00;1.569,00;1.843,00;1.601,00;1.618,00;1.637,00;
Municipios;0936;Navacerrada;10,00;10,00;10,00;-;8,00;8,00;11,00;11,00;12,00;12,00;12,00;13,00;13,00;14,00;17,00;18,00;18,00;18,00;19,00;20,00;21,00;22,00;21,00;21,00;21,00;21,00;21,00;24,00;21,00;21,00;21,00;
Municipios;0941;Navalafuente;2,00;0,00;0,00;0,00;0,00;0,00;1,00;1,00;1,00;1,00;1,00;1,00;1,00;1,00;1,00;1,00;1,00;1,00;1,00;1,00;1,00;1,00;2,00;2,00;2,00;2,00;2,00;2,00;2,00;2,00;2,00;
Municipios;0954;Navalagamella;3,00;12,00;16,00;16,00;14,00;14,00;13,00;14,00;17,00;19,00;13,00;10,00;10,00;10,00;11,00;11,00;12,00;12,00;12,00;12,00;12,00;12,00;12,00;12,00;12,00;11,00;11,00;13,00;11,00;12,00;12,00;
Municipios;0967;Navalcarnero;116,00;122,00;120,00;104,00;118,00;121,00;121,00;152,00;148,00;156,00;147,00;154,00;163,00;176,00;192,00;209,00;216,00;224,00;233,00;239,00;248,00;251,00;261,00;268,00;272,00;281,00;297,00;343,00;310,00;314,00;330,00;
Municipios;0973;Navarredonda y San Mamés;0,00;0,00;0,00;0,00;0,00;0,00;0,00;0,00;0,00;0,00;0,00;0,00;0,00;0,00;0,00;0,00;0,00;0,00;0,00;0,00;0,00;0,00;0,00;0,00;0,00;0,00;0,00;0,00;0,00;0,00;0,00;
Municipios;0992;Navas del Rey;8,00;9,00;10,00;12,00;12,00;13,00;15,00;15,00;13,00;11,00;12,00;12,00;13,00;14,00;15,00;15,00;19,00;21,00;24,00;24,00;24,00;27,00;24,00;24,00;22,00;23,00;26,00;29,00;28,00;29,00;31,00;
Municipios;1006;Nuevo Baztán;22,00;23,00;27,00;29,00;34,00;33,00;35,00;35,00;35,00;35,00;39,00;37,00;38,00;38,00;38,00;37,00;43,00;44,00;45,00;44,00;45,00;45,00;47,00;48,00;47,00;46,00;51,00;61,00;60,00;63,00;63,00;
Municipios;1013;Olmeda de las Fuentes;0,00;0,00;0,00;0,00;0,00;0,00;0,00;0,00;0,00;0,00;0,00;0,00;0,00;0,00;0,00;0,00;0,00;0,00;1,00;1,00;1,00;1,00;1,00;1,00;1,00;1,00;1,00;1,00;1,00;1,00;1,00;
Municipios;1028;Orusco de Tajuña;14,00;15,00;17,00;13,00;15,00;15,00;0,00;17,00;17,00;18,00;20,00;22,00;14,00;15,00;15,00;15,00;16,00;29,00;17,00;22,00;22,00;16,00;16,00;17,00;16,00;17,00;18,00;19,00;21,00;19,00;20,00;
Municipios;1049;Paracuellos de Jarama;24,00;22,00;22,00;31,00;32,00;30,00;30,00;30,00;34,00;39,00;43,00;44,00;46,00;54,00;88,00;109,00;132,00;177,00;190,00;205,00;216,00;227,00;239,00;254,00;260,00;277,00;282,00;333,00;291,00;297,00;300,00;
Municipios;1065;Parla;680,00;700,00;672,00;646,00;641,00;606,00;608,00;605,00;600,00;632,00;625,00;631,00;648,00;689,00;781,00;807,00;848,00;897,00;939,00;964,00;992,00;1.014,00;1.044,00;1.072,00;1.096,00;1.126,00;1.159,00;1.351,00;1.178,00;1.193,00;1.202,00;
Municipios;1071;Patones;3,00;0,00;0,00;0,00;0,00;0,00;1,00;1,00;1,00;1,00;2,00;1,00;1,00;3,00;2,00;2,00;2,00;2,00;2,00;2,00;2,00;2,00;2,00;2,00;12,00;12,00;13,00;13,00;14,00;15,00;15,00;
Municipios;1087;Pedrezuela;3,00;0,00;0,00;0,00;0,00;0,00;2,00;0,00;2,00;14,00;16,00;16,00;17,00;26,00;28,00;29,00;33,00;33,00;33,00;34,00;36,00;34,00;35,00;36,00;36,00;38,00;39,00;45,00;37,00;36,00;36,00;
Municipios;1090;Pelayos de la Presa;4,00;0,00;0,00;0,00;0,00;0,00;2,00;2,00;2,00;2,00;2,00;2,00;11,00;11,00;12,00;12,00;12,00;12,00;13,00;13,00;13,00;12,00;12,00;12,00;12,00;12,00;12,00;12,00;13,00;14,00;14,00;
Municipios;1104;Perales de Tajuña;10,00;10,00;10,00;10,00;13,00;13,00;13,00;13,00;13,00;11,00;12,00;12,00;13,00;13,00;15,00;15,00;15,00;16,00;16,00;16,00;16,00;16,00;16,00;14,00;15,00;16,00;18,00;18,00;15,00;15,00;15,00;
Municipios;1111;Pezuela de las Torres;4,00;0,00;0,00;0,00;0,00;0,00;0,00;0,00;0,00;0,00;0,00;0,00;0,00;0,00;0,00;0,00;1,00;2,00;1,00;1,00;1,00;2,00;2,00;2,00;2,00;2,00;2,00;2,00;2,00;2,00;2,00;
Municipios;1126;Pinilla del Valle;0,00;0,00;0,00;0,00;0,00;0,00;0,00;0,00;0,00;1,00;1,00;1,00;1,00;1,00;3,00;1,00;1,00;2,00;1,00;0,00;0,00;0,00;0,00;0,00;0,00;0,00;0,00;0,00;0,00;0,00;0,00;
Municipios;1132;Pinto;206,00;209,00;218,00;220,00;219,00;219,00;236,00;241,00;249,00;305,00;322,00;323,00;343,00;360,00;372,00;381,00;395,00;406,00;409,00;412,00;412,00;415,00;431,00;440,00;445,00;454,00;460,00;565,00;477,00;482,00;501,00;
Municipios;1147;Piñuécar-Gandullas;0,00;0,00;0,00;0,00;0,00;0,00;0,00;0,00;0,00;0,00;0,00;0,00;0,00;0,00;0,00;0,00;0,00;0,00;0,00;0,00;0,00;0,00;0,00;0,00;0,00;0,00;0,00;0,00;0,00;0,00;0,00;
Municipios;1150;Pozuelo de Alarcón;584,00;608,00;619,00;650,00;695,00;718,00;728,00;712,00;780,00;799,00;806,00;878,00;890,00;961,00;987,00;997,00;1.012,00;1.025,00;1.025,00;1.015,00;1.010,00;1.018,00;1.045,00;1.039,00;1.042,00;1.070,00;1.080,00;1.145,00;1.083,00;1.127,00;1.158,00;
Municipios;1163;Pozuelo del Rey;0,00;0,00;0,00;0,00;0,00;0,00;2,00;2,00;2,00;2,00;2,00;2,00;2,00;2,00;2,00;2,00;2,00;2,00;2,00;2,00;2,00;2,00;2,00;2,00;2,00;2,00;2,00;2,00;2,00;2,00;2,00;
Municipios;1179;Prádena del Rincón;0,00;0,00;0,00;0,00;0,00;0,00;0,00;0,00;0,00;0,00;0,00;0,00;0,00;0,00;0,00;0,00;0,00;0,00;0,00;0,00;0,00;0,00;0,00;0,00;0,00;0,00;0,00;0,00;0,00;0,00;0,00;
Municipios;1185;Puebla de la Sierra;0,00;0,00;0,00;0,00;0,00;0,00;0,00;0,00;0,00;0,00;0,00;0,00;0,00;0,00;0,00;0,00;0,00;0,00;0,00;0,00;0,00;0,00;0,00;0,00;0,00;0,00;0,00;0,00;0,00;0,00;0,00;
Municipios;9020;Puentes Viejas;0,00;0,00;0,00;0,00;0,00;0,00;0,00;0,00;0,00;0,00;0,00;0,00;0,00;0,00;0,00;0,00;0,00;0,00;0,00;0,00;0,00;0,00;0,00;0,00;0,00;0,00;0,00;0,00;0,00;0,00;0,00;
Municipios;1198;Quijorna;4,00;0,00;0,00;0,00;0,00;0,00;0,00;1,00;1,00;1,00;1,00;12,00;14,00;16,00;17,00;22,00;24,00;24,00;24,00;22,00;20,00;22,00;18,00;18,00;16,00;17,00;16,00;14,00;14,00;13,00;14,00;
Municipios;1202;Rascafría;9,00;9,00;10,00;10,00;12,00;12,00;13,00;12,00;13,00;13,00;13,00;13,00;13,00;15,00;14,00;12,00;12,00;12,00;12,00;11,00;10,00;10,00;9,00;10,00;10,00;10,00;10,00;10,00;11,00;11,00;11,00;
Municipios;1219;Redueña;0,00;0,00;0,00;0,00;0,00;0,00;1,00;1,00;2,00;2,00;2,00;2,00;2,00;8,00;2,00;3,00;3,00;4,00;3,00;2,00;3,00;2,00;2,00;2,00;2,00;2,00;2,00;2,00;2,00;2,00;1,00;
Municipios;1224;Ribatejada;2,00;0,00;0,00;0,00;0,00;0,00;0,00;0,00;0,00;0,00;0,00;1,00;1,00;3,00;4,00;8,00;3,00;5,00;3,00;4,00;4,00;4,00;5,00;5,00;5,00;5,00;5,00;5,00;5,00;5,00;5,00;
Municipios;1230;Rivas-Vaciamadrid;164,00;177,00;184,00;193,00;241,00;277,00;320,00;328,00;394,00;444,00;474,00;507,00;537,00;554,00;565,00;594,00;609,00;656,00;695,00;705,00;720,00;730,00;750,00;768,00;785,00;805,00;823,00;969,00;854,00;890,00;912,00;
Municipios;1245;Robledillo de la Jara;0,00;0,00;0,00;0,00;0,00;0,00;0,00;0,00;0,00;0,00;0,00;0,00;0,00;0,00;0,00;0,00;0,00;0,00;0,00;0,00;0,00;0,00;0,00;0,00;0,00;0,00;0,00;0,00;0,00;0,00;0,00;
Municipios;1258;Robledo de Chavela;10,00;10,00;10,00;11,00;13,00;12,00;12,00;13,00;13,00;16,00;21,00;24,00;25,00;26,00;29,00;29,00;29,00;29,00;29,00;28,00;29,00;29,00;28,00;26,00;27,00;27,00;29,00;30,00;29,00;28,00;29,00;
Municipios;1261;Robregordo;0,00;0,00;0,00;0,00;0,00;0,00;0,00;0,00;0,00;0,00;0,00;0,00;0,00;0,00;0,00;0,00;0,00;0,00;0,00;0,00;0,00;0,00;0,00;0,00;0,00;0,00;0,00;0,00;0,00;0,00;0,00;
Municipios;1277;Rozas de Madrid (Las);348,00;359,00;377,00;404,00;427,00;465,00;480,00;511,00;545,00;577,00;580,00;648,00;695,00;749,00;835,00;858,00;876,00;888,00;904,00;911,00;924,00;934,00;954,00;956,00;967,00;974,00;979,00;1.103,00;960,00;971,00;967,00;
Municipios;1283;Rozas de Puerto Real;13,00;11,00;9,00;9,00;9,00;9,00;10,00;13,00;13,00;12,00;13,00;11,00;11,00;15,00;12,00;11,00;13,00;12,00;12,00;12,00;12,00;12,00;12,00;12,00;12,00;12,00;14,00;16,00;15,00;12,00;14,00;
Municipios;1296;San Agustín del Guadalix;24,00;25,00;25,00;29,00;35,00;41,00;44,00;52,00;54,00;67,00;69,00;71,00;83,00;85,00;89,00;87,00;89,00;96,00;99,00;99,00;102,00;104,00;102,00;98,00;99,00;100,00;97,00;113,00;93,00;93,00;91,00;
Municipios;1300;San Fernando de Henares;248,00;243,00;245,00;251,00;260,00;256,00;256,00;254,00;254,00;283,00;272,00;285,00;297,00;292,00;300,00;297,00;292,00;291,00;299,00;288,00;292,00;282,00;287,00;289,00;284,00;278,00;283,00;319,00;272,00;266,00;270,00;
Municipios;1317;San Lorenzo de El Escorial;135,00;142,00;151,00;154,00;157,00;153,00;154,00;157,00;157,00;166,00;177,00;192,00;200,00;202,00;221,00;217,00;223,00;220,00;221,00;217,00;211,00;211,00;213,00;210,00;207,00;208,00;212,00;230,00;213,00;215,00;219,00;
Municipios;1338;San Martín de Valdeiglesias;55,00;57,00;58,00;58,00;58,00;58,00;65,00;66,00;66,00;71,00;72,00;70,00;69,00;76,00;76,00;75,00;75,00;73,00;75,00;75,00;74,00;72,00;72,00;72,00;72,00;69,00;74,00;90,00;77,00;78,00;85,00;
Municipios;1322;San Martín de la Vega;48,00;55,00;65,00;71,00;76,00;83,00;98,00;100,00;104,00;115,00;120,00;119,00;121,00;129,00;131,00;134,00;136,00;136,00;177,00;164,00;165,00;168,00;172,00;174,00;172,00;173,00;168,00;190,00;164,00;164,00;171,00;
Municipios;1343;San Sebastián de los Reyes;431,00;449,00;454,00;442,00;437,00;453,00;467,00;475,00;474,00;497,00;517,00;494,00;502,00;501,00;510,00;519,00;577,00;601,00;632,00;648,00;647,00;649,00;657,00;669,00;676,00;702,00;722,00;819,00;736,00;752,00;759,00;
Municipios;1356;Santa María de la Alameda;5,00;0,00;0,00;0,00;0,00;0,00;0,00;0,00;0,00;0,00;0,00;0,00;0,00;0,00;0,00;0,00;0,00;0,00;0,00;0,00;0,00;0,00;0,00;0,00;0,00;1,00;1,00;1,00;1,00;1,00;1,00;
Municipios;1369;Santorcaz;3,00;0,00;0,00;0,00;0,00;0,00;0,00;0,00;0,00;0,00;0,00;0,00;0,00;0,00;0,00;0,00;0,00;0,00;0,00;0,00;0,00;0,00;0,00;0,00;0,00;0,00;0,00;0,00;0,00;14,00;16,00;
Municipios;1375;Santos de la Humosa (Los);8,00;0,00;0,00;0,00;0,00;0,00;0,00;0,00;0,00;3,00;3,00;3,00;11,00;12,00;12,00;15,00;16,00;17,00;18,00;19,00;19,00;18,00;18,00;21,00;21,00;22,00;22,00;22,00;17,00;17,00;16,00;
Municipios;1381;Serna del Monte (La);0,00;0,00;0,00;0,00;0,00;0,00;0,00;0,00;0,00;0,00;0,00;0,00;0,00;0,00;0,00;0,00;0,00;0,00;0,00;0,00;0,00;0,00;0,00;0,00;0,00;0,00;0,00;0,00;0,00;0,00;0,00;
Municipios;1408;Serranillos del Valle;0,00;0,00;0,00;0,00;2,00;2,00;2,00;2,00;2,00;12,00;19,00;23,00;26,00;25,00;31,00;31,00;33,00;34,00;29,00;29,00;30,00;26,00;25,00;27,00;26,00;25,00;23,00;25,00;21,00;22,00;22,00;
Municipios;1415;Sevilla la Nueva;11,00;11,00;13,00;13,00;15,00;20,00;27,00;26,00;34,00;44,00;51,00;53,00;54,00;56,00;60,00;77,00;96,00;101,00;96,00;100,00;104,00;104,00;105,00;111,00;106,00;105,00;110,00;108,00;98,00;97,00;102,00;
Municipios;1436;Somosierra;0,00;0,00;0,00;0,00;0,00;0,00;0,00;0,00;0,00;0,00;0,00;0,00;0,00;0,00;0,00;0,00;0,00;0,00;0,00;0,00;0,00;0,00;0,00;0,00;0,00;0,00;0,00;0,00;0,00;0,00;0,00;
Municipios;1441;Soto del Real;27,00;31,00;32,00;33,00;32,00;32,00;38,00;41,00;50,00;65,00;85,00;97,00;102,00;107,00;110,00;110,00;113,00;112,00;110,00;108,00;103,00;101,00;103,00;104,00;104,00;107,00;110,00;128,00;116,00;119,00;127,00;
Municipios;1454;Talamanca de Jarama;8,00;20,00;24,00;24,00;25,00;26,00;28,00;29,00;31,00;30,00;30,00;3,00;3,00;17,00;19,00;22,00;23,00;25,00;27,00;28,00;25,00;25,00;28,00;29,00;28,00;28,00;26,00;30,00;32,00;33,00;37,00;
Municipios;1467;Tielmes;11,00;10,00;10,00;11,00;12,00;11,00;13,00;13,00;11,00;12,00;13,00;12,00;12,00;13,00;13,00;13,00;12,00;14,00;13,00;13,00;13,00;14,00;14,00;14,00;14,00;15,00;15,00;16,00;16,00;17,00;17,00;
Municipios;1473;Titulcia;4,00;4,00;4,00;4,00;4,00;4,00;5,00;6,00;6,00;6,00;6,00;10,00;10,00;11,00;11,00;11,00;11,00;11,00;11,00;11,00;11,00;11,00;11,00;11,00;11,00;11,00;11,00;13,00;12,00;12,00;12,00;
Municipios;1489;Torrejón de Ardoz;754,00;764,00;759,00;745,00;727,00;732,00;729,00;737,00;740,00;775,00;782,00;761,00;771,00;800,00;832,00;832,00;852,00;873,00;901,00;931,00;945,00;961,00;997,00;1.041,00;1.072,00;1.093,00;1.100,00;1.257,00;1.117,00;1.133,00;1.164,00;
Municipios;1505;Torrejón de Velasco;10,00;10,00;11,00;11,00;11,00;10,00;11,00;11,00;11,00;11,00;13,00;19,00;16,00;44,00;44,00;45,00;48,00;49,00;50,00;50,00;48,00;52,00;52,00;54,00;53,00;53,00;52,00;55,00;50,00;53,00;54,00;
Municipios;1492;Torrejón de la Calzada;41,00;45,00;45,00;48,00;49,00;52,00;54,00;55,00;56,00;57,00;62,00;66,00;67,00;68,00;79,00;81,00;85,00;85,00;88,00;89,00;88,00;89,00;91,00;93,00;96,00;100,00;106,00;139,00;111,00;112,00;115,00;
Municipios;1512;Torrelaguna;33,00;32,00;32,00;33,00;36,00;38,00;39,00;36,00;38,00;40,00;43,00;43,00;40,00;42,00;42,00;48,00;47,00;49,00;49,00;47,00;45,00;42,00;43,00;44,00;45,00;44,00;45,00;53,00;47,00;51,00;50,00;
Municipios;1527;Torrelodones;106,00;118,00;131,00;144,00;148,00;138,00;143,00;149,00;160,00;170,00;184,00;181,00;186,00;218,00;236,00;246,00;247,00;253,00;262,00;261,00;259,00;257,00;270,00;272,00;283,00;281,00;290,00;312,00;281,00;277,00;276,00;
Municipios;1533;Torremocha de Jarama;1,00;0,00;0,00;0,00;1,00;1,00;2,00;2,00;2,00;2,00;2,00;2,00;2,00;4,00;4,00;4,00;2,00;2,00;2,00;1,00;3,00;2,00;3,00;3,00;2,00;2,00;2,00;2,00;2,00;2,00;2,00;
Municipios;1548;Torres de la Alameda;25,00;26,00;26,00;34,00;36,00;44,00;55,00;53,00;55,00;64,00;67,00;63,00;65,00;69,00;75,00;74,00;75,00;76,00;77,00;75,00;72,00;69,00;68,00;68,00;70,00;68,00;71,00;73,00;67,00;67,00;72,00;
Municipios;9036;Tres Cantos;234,00;232,00;283,00;289,00;318,00;342,00;360,00;360,00;387,00;400,00;407,00;462,00;470,00;481,00;481,00;478,00;468,00;461,00;481,00;490,00;481,00;474,00;482,00;489,00;501,00;503,00;506,00;578,00;526,00;559,00;582,00;
Municipios;1551;Valdaracete;5,00;18,00;18,00;14,00;16,00;16,00;16,00;16,00;16,00;16,00;17,00;18,00;18,00;19,00;19,00;20,00;19,00;20,00;20,00;19,00;19,00;18,00;19,00;20,00;17,00;16,00;16,00;18,00;18,00;17,00;18,00;
Municipios;1564;Valdeavero;4,00;4,00;4,00;5,00;5,00;4,00;3,00;3,00;5,00;5,00;4,00;4,00;5,00;5,00;6,00;7,00;6,00;6,00;6,00;7,00;7,00;7,00;7,00;7,00;8,00;8,00;7,00;8,00;7,00;8,00;8,00;
Municipios;1570;Valdelaguna;4,00;0,00;0,00;0,00;0,00;0,00;0,00;0,00;0,00;0,00;0,00;0,00;0,00;2,00;2,00;2,00;2,00;2,00;2,00;2,00;2,00;2,00;2,00;1,00;1,00;1,00;1,00;1,00;2,00;2,00;2,00;
Municipios;1586;Valdemanco;3,00;0,00;0,00;0,00;0,00;0,00;0,00;0,00;0,00;0,00;0,00;0,00;0,00;0,00;0,00;0,00;1,00;2,00;3,00;4,00;4,00;4,00;2,00;2,00;2,00;2,00;2,00;2,00;2,00;2,00;2,00;
Municipios;1599;Valdemaqueda;5,00;0,00;0,00;0,00;0,00;0,00;0,00;0,00;0,00;0,00;0,00;0,00;0,00;2,00;2,00;2,00;2,00;2,00;2,00;2,00;1,00;1,00;1,00;1,00;2,00;1,00;1,00;1,00;1,00;1,00;1,00;
Municipios;1603;Valdemorillo;16,00;18,00;20,00;22,00;22,00;23,00;26,00;31,00;42,00;49,00;62,00;71,00;70,00;76,00;73,00;76,00;72,00;74,00;74,00;78,00;77,00;80,00;74,00;76,00;64,00;73,00;79,00;90,00;85,00;87,00;89,00;
Municipios;1610;Valdemoro;178,00;183,00;189,00;193,00;205,00;212,00;225,00;268,00;298,00;331,00;342,00;376,00;442,00;488,00;540,00;586,00;636,00;674,00;711,00;741,00;748,00;765,00;782,00;802,00;822,00;812,00;826,00;945,00;831,00;842,00;846,00;
Municipios;1625;Valdeolmos-Alalpardo;1,00;1,00;1,00;2,00;2,00;2,00;2,00;4,00;4,00;5,00;5,00;8,00;7,00;17,00;41,00;61,00;77,00;84,00;84,00;88,00;84,00;84,00;85,00;86,00;88,00;88,00;88,00;96,00;86,00;89,00;92,00;
Municipios;1631;Valdepiélagos;3,00;0,00;0,00;0,00;0,00;0,00;0,00;0,00;0,00;0,00;0,00;0,00;0,00;1,00;1,00;1,00;3,00;1,00;1,00;2,00;1,00;1,00;1,00;1,00;1,00;1,00;1,00;1,00;1,00;1,00;1,00;
Municipios;1646;Valdetorres de Jarama;10,00;10,00;10,00;10,00;10,00;9,00;12,00;11,00;12,00;12,00;13,00;16,00;20,00;21,00;22,00;21,00;19,00;19,00;18,00;19,00;19,00;18,00;18,00;17,00;17,00;18,00;18,00;21,00;23,00;24,00;26,00;
Municipios;1659;Valdilecha;13,00;13,00;13,00;13,00;13,00;14,00;18,00;17,00;18,00;17,00;18,00;17,00;17,00;16,00;17,00;17,00;17,00;18,00;19,00;20,00;19,00;19,00;20,00;20,00;21,00;21,00;23,00;26,00;27,00;29,00;30,00;
Municipios;1662;Valverde de Alcalá;2,00;0,00;0,00;0,00;0,00;0,00;0,00;0,00;0,00;0,00;0,00;0,00;0,00;0,00;0,00;0,00;0,00;0,00;0,00;0,00;0,00;0,00;0,00;0,00;0,00;0,00;0,00;0,00;0,00;0,00;0,00;
Municipios;1678;Velilla de San Antonio;21,00;22,00;25,00;29,00;33,00;38,00;41,00;45,00;43,00;59,00;60,00;66,00;69,00;83,00;92,00;93,00;95,00;95,00;95,00;99,00;99,00;97,00;95,00;97,00;94,00;93,00;90,00;106,00;87,00;89,00;96,00;
Municipios;1684;Vellón (El);4,00;0,00;0,00;0,00;0,00;0,00;0,00;0,00;0,00;0,00;2,00;51,00;30,00;18,00;19,00;27,00;21,00;35,00;38,00;38,00;22,00;21,00;21,00;21,00;12,00;12,00;13,00;12,00;11,00;12,00;12,00;
Municipios;1697;Venturada;0,00;0,00;0,00;0,00;0,00;0,00;2,00;2,00;3,00;3,00;4,00;4,00;4,00;6,00;27,00;40,00;26,00;36,00;30,00;43,00;13,00;12,00;12,00;12,00;12,00;12,00;14,00;18,00;17,00;18,00;19,00;
Municipios;1718;Villa del Prado;20,00;20,00;20,00;24,00;25,00;27,00;31,00;34,00;37,00;42,00;46,00;45,00;46,00;48,00;50,00;51,00;50,00;50,00;52,00;48,00;45,00;44,00;44,00;47,00;48,00;48,00;52,00;57,00;52,00;55,00;57,00;
Municipios;1701;Villaconejos;20,00;20,00;19,00;19,00;19,00;20,00;23,00;20,00;20,00;20,00;22,00;22,00;22,00;22,00;22,00;22,00;22,00;21,00;20,00;20,00;20,00;21,00;21,00;21,00;20,00;20,00;20,00;24,00;22,00;21,00;22,00;
Municipios;1723;Villalbilla;10,00;10,00;12,00;17,00;19,00;20,00;22,00;32,00;39,00;42,00;54,00;67,00;74,00;78,00;105,00;111,00;113,00;115,00;119,00;118,00;119,00;120,00;120,00;118,00;119,00;123,00;130,00;153,00;137,00;146,00;157,00;
Municipios;1739;Villamanrique de Tajo;5,00;0,00;0,00;0,00;1,00;1,00;1,00;1,00;1,00;1,00;1,00;1,00;1,00;1,00;3,00;3,00;2,00;2,00;2,00;2,00;2,00;2,00;1,00;1,00;1,00;1,00;1,00;1,00;1,00;1,00;1,00;
Municipios;1744;Villamanta;11,00;11,00;11,00;11,00;11,00;11,00;12,00;9,00;9,00;9,00;9,00;11,00;11,00;13,00;11,00;13,00;12,00;12,00;11,00;12,00;12,00;13,00;13,00;13,00;12,00;13,00;13,00;15,00;12,00;12,00;12,00;
Municipios;1757;Villamantilla;1,00;0,00;0,00;0,00;0,00;0,00;0,00;0,00;0,00;0,00;2,00;2,00;2,00;6,00;8,00;11,00;9,00;9,00;13,00;12,00;11,00;12,00;12,00;12,00;12,00;12,00;13,00;17,00;17,00;18,00;18,00;
Municipios;1782;Villanueva de Perales;2,00;0,00;0,00;0,00;0,00;0,00;0,00;0,00;0,00;1,00;1,00;1,00;1,00;8,00;10,00;10,00;14,00;13,00;14,00;12,00;12,00;11,00;11,00;11,00;11,00;11,00;12,00;12,00;11,00;12,00;11,00;
Municipios;1760;Villanueva de la Cañada;126,00;138,00;127,00;137,00;152,00;164,00;178,00;183,00;193,00;216,00;245,00;237,00;284,00;298,00;312,00;319,00;317,00;315,00;312,00;311,00;306,00;294,00;297,00;310,00;320,00;324,00;327,00;382,00;349,00;357,00;346,00;
Municipios;1776;Villanueva del Pardillo;18,00;19,00;21,00;22,00;18,00;20,00;20,00;30,00;42,00;49,00;66,00;79,00;98,00;130,00;139,00;154,00;162,00;175,00;188,00;192,00;187,00;191,00;198,00;199,00;200,00;198,00;201,00;211,00;190,00;196,00;192,00;
Municipios;1795;Villar del Olmo;0,00;0,00;0,00;0,00;0,00;0,00;17,00;1,00;1,00;1,00;1,00;1,00;1,00;1,00;2,00;1,00;1,00;1,00;1,00;1,00;1,00;1,00;1,00;1,00;1,00;1,00;1,00;1,00;1,00;1,00;1,00;
Municipios;1809;Villarejo de Salvanés;41,00;42,00;50,00;64,00;65,00;66,00;72,00;73,00;75,00;79,00;81,00;80,00;85,00;85,00;84,00;84,00;87,00;87,00;88,00;87,00;88,00;85,00;88,00;91,00;90,00;87,00;86,00;95,00;93,00;99,00;105,00;
Municipios;1816;Villaviciosa de Odón;197,00;190,00;197,00;187,00;190,00;185,00;182,00;198,00;193,00;203,00;210,00;219,00;227,00;248,00;257,00;261,00;260,00;270,00;285,00;297,00;276,00;259,00;252,00;260,00;253,00;248,00;251,00;263,00;234,00;248,00;253,00;
Municipios;1821;Villavieja del Lozoya;0,00;0,00;0,00;0,00;0,00;0,00;1,00;1,00;2,00;2,00;1,00;1,00;2,00;2,00;1,00;2,00;2,00;2,00;1,00;1,00;1,00;1,00;1,00;1,00;1,00;1,00;1,00;1,00;2,00;2,00;2,00;
Municipios;1837;Zarzalejo;7,00;19,00;17,00;17,00;14,00;11,00;12,00;17,00;15,00;17,00;19,00;20,00;20,00;20,00;19,00;20,00;47,00;29,00;29,00;47,00;19,00;19,00;19,00;19,00;19,00;20,00;20,00;22,00;22,00;21,00;21,00;
(P) Dato provisional ;
Notas;
Los cursos se denominan con los dos años que comprenden, pero en las tablas se hace referencia al último año.;
;
Unidad escolar: colectivo formado por alumnos del mismo o de diferentes grados y niveles que reciben enseñanza conjuntamente a lo largo del año académico.;
;
Hasta el año 2000 no comprende los profesores de Garantía Social.;
