ad_activationdate,ad_typology,newdevelopment_averageprice,address_certainty,ad_latitude,ad_subtypology,ad_roomnumber,property_cadastralreference,censustract_id,ad_addressvisible,id,cadastral_certainty,ad_operation,ad_price,ad_builttype,ad_postalcode,ad_streettype,ad_floornumber,ad_hasparkingspace,estate_cadastralroot,ad_town,ad_hasboxroom,ad_longitude,newdevelopment_commercialname,adstats_contactsbyemail,adstats_savedasfavorite,ad_province,ad_state,ad_flatlocation,adstats_sendtofriend,layerlocation_area,distance,ad_urlactive,newdevelopment_fromprice,ad_id,adstats_daysonmarket,adstats_visits,ad_area,censustract_town_id,layerlocation_population,ad_deactivationdate,property_builtdate,ad_propertytype,ad_bathnumber,ad_haslift,property_use,ad_streetname,property_area,ad_modificationdate,ad_hasswimmingpool,ad_urlinactive,ad_unitprice,ad_streetnumber,ad_layerlocation
18/12/2023,1,,100,40.9207257,,2,,2800301001,2,37421529,75,1,140000,2,28749,Calle,bj,False,,Alameda del Valle,True,-3.8449834,,0,11,Madrid,3,1,0,0.24771727896876,379,https://www.idealista.com/103437561,,103437561,46,900,131,28003,218,,1985,1,1,True,V,Grande,131,01/01/2024,False,https://www.idealista.com/data/app/cid/R0I4UGF1YzhLREwvSkNxU2FDYWRrUT09,1068.7,,0-EU-ES-28-01-006-003
18/12/2023,1,,100,40.9187804,,3,9003408VL2390S0002GM,2800301001,1,37421680,75,1,120000,2,28749,Calle,1,False,9003408VL2390S,Alameda del Valle,False,-3.8443076,,1,15,Madrid,3,1,0,0.24771727896876,379,https://www.idealista.com/103437720,,103437720,46,1166,100,28003,218,,1985,1,1,False,V,Grande,100,01/01/2024,False,https://www.idealista.com/data/app/cid/OEpyck1hN05aOElrdElET3hzdEdBUT09,1200,17,0-EU-ES-28-01-006-003
30/10/2022,2,,100,40.9201699,4,10,,2800301001,2,33756488,75,1,415000,3,28749,Calle,,True,,Alameda del Valle,True,-3.8469427,,0,145,Madrid,4,,0,0.24771727896876,277,https://www.idealista.com/99369078,,99369078,299,3740,300,28003,218,25/08/2023,1960,1,4,,I,Grande,17,25/08/2023,,https://www.idealista.com/data/app/cid/ZzBCK2ZRYzUxbElaS3lhdTY1MnZaZz09,1383.33,,0-EU-ES-28-01-006-003
23/01/2023,2,,0,40.91867,4,10,,2800301001,3,34534615,0,1,415000,3,28749,,,True,,Alameda del Valle,,-3.8452295,,0,41,Madrid,4,,0,0.24771727896876,409,https://www.idealista.com/100237127,,100237127,232,1700,300,28003,218,13/09/2023,,1,4,,,,,13/09/2023,,https://www.idealista.com/data/app/cid/Z29HdVhCbHFxMkpoSHRFdHVJTTdKQT09,1383.33,,0-EU-ES-28-01-006-003
28/11/2022,2,,96,40.9166199,2,3,,2800301001,2,34103312,75,1,98000,2,28749,Plaza,,,,Alameda del Valle,,-3.8439047,,45,658,Madrid,3,,7,0.24771727896876,487,https://www.idealista.com/99748696,,99748696,431,18390,105,28003,218,,1950,1,1,,V,SANTAMARINA,105,01/01/2024,,https://www.idealista.com/data/app/cid/MWNUTUxpYjM2WWg2MHhTdFduMWxrdz09,933.33,,0-EU-ES-28-01-006-003
27/06/2023,2,,100,40.916666,4,4,,2800301001,3,35983067,75,1,515000,3,28749,,,False,,Alameda del Valle,True,-3.8416151,,2,71,Madrid,4,,0,0.24771727896876,542,https://www.idealista.com/101865313,,101865313,126,1856,250,28003,218,01/11/2023,2005,1,3,,V,,195,01/11/2023,,https://www.idealista.com/data/app/cid/cVQ5b2lXbW1NN1BVME5jWnZkY2pzUT09,2060,,0-EU-ES-28-01-006-003
08/05/2023,2,,100,40.9171833,4,5,,2800301001,3,35514596,75,1,275000,3,28749,,,,,Alameda del Valle,True,-3.8415298,,111,965,Madrid,4,,21,0.24771727896876,590,https://www.idealista.com/101344188,,101344188,188,13215,300,28003,218,13/11/2023,2018,1,3,,V,,225,13/11/2023,,https://www.idealista.com/data/app/cid/aGFGVFRTVWJ1M0F0Mjc5dU1lTUZIUT09,916.67,,0-EU-ES-28-01-006-003
