ad_activationdate,ad_typology,newdevelopment_averageprice,address_certainty,ad_latitude,ad_subtypology,ad_roomnumber,property_cadastralreference,censustract_id,ad_addressvisible,id,cadastral_certainty,ad_operation,ad_price,ad_builttype,ad_postalcode,ad_streettype,ad_floornumber,ad_hasparkingspace,estate_cadastralroot,ad_town,ad_hasboxroom,ad_longitude,newdevelopment_commercialname,adstats_contactsbyemail,adstats_savedasfavorite,ad_province,ad_state,ad_flatlocation,adstats_sendtofriend,layerlocation_area,distance,ad_urlactive,newdevelopment_fromprice,ad_id,adstats_daysonmarket,adstats_visits,ad_area,censustract_town_id,layerlocation_population,ad_deactivationdate,property_builtdate,ad_propertytype,ad_bathnumber,ad_haslift,property_use,ad_streetname,property_area,ad_modificationdate,ad_hasswimmingpool,ad_urlinactive,ad_unitprice,ad_streetnumber,ad_layerlocation
14/06/2023,2,,0,40.4622121,0,1,,2801201001,3,35860776,0,1,109900,3,28818,,,,,Anchuelo,,-3.2673528,,16,83,Madrid,4,,0,0.2104998397275,159,https://www.idealista.com/101731603,,101731603,57,1389,102,28012,1207,10/08/2023,,1,2,,,,,10/08/2023,,https://www.idealista.com/data/app/cid/dkFyTnRKRGZYdjE1dFhpeVBibHdIQT09,1077.45,,0-EU-ES-28-06-009-012
21/06/2022,2,,100,40.4677473,0,3,,2801201001,3,32509188,75,1,224900,3,28818,,bj,True,,Anchuelo,,-3.265158,,13,266,Madrid,4,,4,0.2104998397275,238,https://www.idealista.com/98025200,,98025200,484,5671,237,28012,1207,19/10/2023,2004,1,3,,V,,213,19/10/2023,True,https://www.idealista.com/data/app/cid/eWxhM1pjMmN3KzN0bXRhQXRVUVNndz09,948.95,,0-EU-ES-28-06-009-012
26/12/2023,2,,0,40.4691958,2,3,,2801201001,2,37506492,0,1,224900,3,28818,Avenida,,True,,Anchuelo,True,-3.2664476,,3,3,Madrid,3,,0,0.2104998397275,247,https://www.idealista.com/103529231,,103529231,37,397,259,28012,1207,,,1,3,,,de las Arreñas,,09/01/2024,True,https://www.idealista.com/data/app/cid/UEs5bWE3Q2VQYWdNTm5jZjZCUlZnUT09,868.34,,0-EU-ES-28-06-009-012
17/12/2023,2,,0,40.4676606,2,3,,2801201001,1,37451070,0,1,224900,3,28818,Avenida,,True,,Anchuelo,True,-3.2669711,,3,3,Madrid,4,,0,0.2104998397275,276,https://www.idealista.com/103469134,,103469134,4,159,265,28012,1207,22/12/2023,,1,3,,,de las Arreñas,,22/12/2023,True,https://www.idealista.com/data/app/cid/cGpiaGNrV1FDb3VPQWkzTlZCczJYZz09,848.68,30,0-EU-ES-28-06-009-012
18/01/2024,2,,,40.4657153,4,4,,2801201001,2,103727697,,1,395000,3,28818,Calle,,True,,Anchuelo,,-3.2725873,,1,3,Madrid,3,,0,0.2104998397275,355,https://www.idealista.com/103727697,,103727697,14,299,262,28012,1207,,,1,2,,,de Andrés Llorente,,24/01/2024,True,https://www.idealista.com/data/app/cid/aHZSc0U3emszREhlUjhiclZhdlR2Zz09,1507.63,,0-EU-ES-28-06-009-012
12/10/2023,2,,0,40.4691328,2,4,,2801201001,2,36879732,0,1,229900,3,28818,Desconocida,,,,Anchuelo,True,-3.2622774,,4,39,Madrid,3,,0,0.2104998397275,428,https://www.idealista.com/102846051,,102846051,112,1297,137,28012,1207,,,1,3,,,Entrepeñas,,10/01/2024,,https://www.idealista.com/data/app/cid/Y2o3emR2bFpWVVVQcjV2UW9yb3FPdz09,1678.1,,0-EU-ES-28-06-009-012
