ad_activationdate,ad_typology,newdevelopment_averageprice,address_certainty,ad_latitude,ad_subtypology,ad_roomnumber,property_cadastralreference,censustract_id,ad_addressvisible,id,cadastral_certainty,ad_operation,ad_price,ad_builttype,ad_postalcode,ad_streettype,ad_floornumber,ad_hasparkingspace,estate_cadastralroot,ad_town,ad_hasboxroom,ad_longitude,newdevelopment_commercialname,adstats_contactsbyemail,adstats_savedasfavorite,ad_province,ad_state,ad_flatlocation,adstats_sendtofriend,layerlocation_area,distance,ad_urlactive,newdevelopment_fromprice,ad_id,adstats_daysonmarket,adstats_visits,ad_area,censustract_town_id,layerlocation_population,ad_deactivationdate,property_builtdate,ad_propertytype,ad_bathnumber,ad_haslift,property_use,ad_streetname,property_area,ad_modificationdate,ad_hasswimmingpool,ad_urlinactive,ad_unitprice,ad_streetnumber,ad_layerlocation
21/08/2023,1,,94,40.2075921,,3,,2801701001,2,36410149,94,1,164900,3,28976,Plaza,1,,,Batres,,-3.9202747,,2,45,Madrid,4,1,0,0.21192673631,1850,https://www.idealista.com/102332962,,102332962,154,1433,128,28017,1698,23/01/2024,2008,1,2,False,,del Arenal,,23/01/2024,,https://www.idealista.com/data/app/cid/L21VcmFObUpsYm9welhkcG84bHptZz09,1288.28,,0-EU-ES-28-04-014-017
29/01/2024,1,,,40.2083088,,3,,2801701001,2,103836122,,1,164000,3,28976,Plaza,1,,,Batres,,-3.9224016,,0,2,Madrid,3,1,0,0.21192673631,1850,https://www.idealista.com/103836122,,103836122,3,166,128,28017,1698,,,1,2,False,,del Arena,,01/02/2024,,https://www.idealista.com/data/app/cid/UzhvcGJDZzNMaVJPd1hHRW83WlRDQT09,1281.25,,0-EU-ES-28-04-014-017
26/10/2023,2,,0,40.2268436,4,1,,2801701001,3,37004730,0,1,151800,2,28976,,,False,,Batres,False,-3.9374047,,0,0,Madrid,3,,0,0.21192673631,876,https://www.idealista.com/102980778,,102980778,98,17,100,28017,1698,,,1,1,,,,,26/10/2023,False,https://www.idealista.com/data/app/cid/ZGI2Zzl6RkpXVXI4VExSZ05NbitlZz09,1518,,0-EU-ES-28-04-014-017
26/01/2022,2,,100,40.2087252,3,4,1816807VK2511N0001KJ,2801701001,1,31094234,75,1,240000,3,28976,Desconocida,,True,1816807VK2511N,Batres,False,-3.9196689,,30,107,Madrid,4,,2,0.21192673631,1982,https://www.idealista.com/96532102,,96532102,655,2484,140,28017,1698,13/11/2023,2001,1,3,,V,Garcilaso de la vega,147,13/11/2023,True,https://www.idealista.com/data/app/cid/QS9aOVJ5SGNDTzNKOHEvbitLZnZmZz09,1714.29,42,0-EU-ES-28-04-014-017
06/10/2022,2,,0,40.2105351,3,4,,2801701001,2,33499334,0,1,165000,3,28976,Calle,,False,,Batres,True,-3.9167304,,19,91,Madrid,3,,0,0.21192673631,1992,https://www.idealista.com/99090750,,99090750,435,3409,139,28017,1698,16/12/2023,,1,2,,,de la Rosa,,19/01/2024,True,https://www.idealista.com/data/app/cid/U043WFVNR21ZT0FxaUlpS1JoeG9VZz09,1187.05,,0-EU-ES-28-04-014-017
10/10/2023,2,,0,40.2075767,3,3,,2801701001,3,36858711,0,1,147000,3,28976,,,False,,Batres,False,-3.9192775,,22,61,Madrid,4,,0,0.21192673631,2041,https://www.idealista.com/102821831,,102821831,104,2619,134,28017,1698,23/01/2024,,1,3,,,,,23/01/2024,False,https://www.idealista.com/data/app/cid/bXJDUFE5b0JBUmY3bkg2a2Y5V2Jxdz09,1097.01,,0-EU-ES-28-04-014-017
12/12/2023,2,,94,40.2446904,4,5,,2801701001,3,37404576,75,1,285000,2,28976,,,True,,Batres,,-3.9320482,,1,21,Madrid,4,,0,0.21192673631,2080,https://www.idealista.com/103418626,,103418626,22,693,134,28017,1698,03/01/2024,1993,1,2,,V,,177,03/01/2024,True,https://www.idealista.com/data/app/cid/VEtzTFVDNzJqUzJ0RUtCS2gxZVIwZz09,2126.87,,0-EU-ES-28-04-014-017
13/01/2024,2,,0,40.2140878,0,3,,2801701001,3,37635140,0,1,151800,3,28976,,,False,,Batres,False,-3.9031349,,0,8,Madrid,4,,0,0.21192673631,2584,https://www.idealista.com/103668987,,103668987,10,526,100,28017,1698,24/01/2024,,1,1,,,,,24/01/2024,False,https://www.idealista.com/data/app/cid/M2g3UkhUYiszK2orUmh4WEpkN3RNdz09,1518,,0-EU-ES-28-04-014-017
