ad_activationdate,ad_typology,newdevelopment_averageprice,address_certainty,ad_latitude,ad_subtypology,ad_roomnumber,property_cadastralreference,censustract_id,ad_addressvisible,id,cadastral_certainty,ad_operation,ad_price,ad_builttype,ad_postalcode,ad_streettype,ad_floornumber,ad_hasparkingspace,estate_cadastralroot,ad_town,ad_hasboxroom,ad_longitude,newdevelopment_commercialname,adstats_contactsbyemail,adstats_savedasfavorite,ad_province,ad_state,ad_flatlocation,adstats_sendtofriend,layerlocation_area,distance,ad_urlactive,newdevelopment_fromprice,ad_id,adstats_daysonmarket,adstats_visits,ad_area,censustract_town_id,layerlocation_population,ad_deactivationdate,property_builtdate,ad_propertytype,ad_bathnumber,ad_haslift,property_use,ad_streetname,property_area,ad_modificationdate,ad_hasswimmingpool,ad_urlinactive,ad_unitprice,ad_streetnumber,ad_layerlocation
21/12/2010,1,,100,40.9907988,,4,6584003VL4368S0004QS,2802701001,1,20829279,100,1,199000,3,28730,Calle,1,False,6584003VL4368S,Buitrago del Lozoya,False,-3.6358907,,43,226,Madrid,3,1,2,0.26207812837376,330,https://www.idealista.com/1866984,,1866984,4790,17123,155,28027,1911,,2007,1,2,False,V,Fuente,88,29/06/2023,False,https://www.idealista.com/data/app/cid/dE5ETHAxRUR6NndlbXpxR3NuZG4vQT09,1283.87,22,0-EU-ES-28-01-006-027
21/09/2022,1,,100,40.9877331,,3,,2802701001,3,33322460,75,1,178000,3,28730,,bj,,,Buitrago del Lozoya,True,-3.6336897,,5,41,Madrid,3,1,0,0.26207812837376,694,https://www.idealista.com/98898979,,98898979,127,2508,110,28027,1911,27/01/2023,1975,1,1,False,V,,110,11/01/2024,False,https://www.idealista.com/data/app/cid/d3RNei9wbC9nS0NtNmhNSk1iUmFaZz09,1618.18,,0-EU-ES-28-01-006-027
12/06/2013,1,,91,40.9874207,,4,6577917VL4367N0001ZU,2802701001,1,3870023,100,1,325000,3,28730,Calle,en,True,6577917VL4367N,Buitrago del Lozoya,True,-3.6370156,,41,121,Madrid,3,1,6,0.26207812837376,698,https://www.idealista.com/26400262,,26400262,2222,9341,160,28027,1911,14/07/2019,1992,1,2,False,V,de San Lázaro,182,01/02/2024,False,https://www.idealista.com/data/app/cid/M0dFUzZZRVhNU0kvaStSbDdWZW1wZz09,2031.25,17,0-EU-ES-28-01-006-027
21/09/2022,2,,100,40.9915022,4,1,,2802701001,3,33316769,75,1,200000,2,28730,,,,,Buitrago del Lozoya,False,-3.6360658,,2,43,Madrid,3,,0,0.26207812837376,96,https://www.idealista.com/98892783,,98892783,499,3608,180,28027,1911,,1930,1,2,,V,,387,09/01/2024,False,https://www.idealista.com/data/app/cid/bE1XSHNyc1prZHRwWUtFVmhzU2hjdz09,1111.11,,0-EU-ES-28-01-006-027
15/12/2022,2,,0,40.9918373,2,2,,2802701001,3,34259586,0,1,149900,3,28730,,,,,Buitrago del Lozoya,True,-3.6348192,,1,4,Madrid,3,,0,0.26207812837376,109,https://www.idealista.com/99922945,,99922945,413,197,112,28027,1911,,,1,2,,,,,09/01/2024,False,https://www.idealista.com/data/app/cid/WTVqRkFQcDlvRXVUR2ZHWjRISDlDUT09,1338.39,,0-EU-ES-28-01-006-027
14/08/2023,2,,100,40.9957985,2,3,6587806VL4368N0001EQ,2802701001,1,36372421,75,1,140000,3,28730,Calle,,False,6587806VL4368N,Buitrago del Lozoya,False,-3.6379868,,17,328,Madrid,4,,4,0.26207812837376,256,https://www.idealista.com/102292229,,102292229,125,6146,100,28027,1911,17/12/2023,1977,1,2,,V,del Puente Nuevo,94,17/12/2023,False,https://www.idealista.com/data/app/cid/dGFhZmVIVmdDVTY5N1ZoU2p1ZUdTdz09,1400,4,0-EU-ES-28-01-006-027
21/01/2023,2,,100,40.9906241,3,4,6681208VL4368S0001TO,2802701001,1,34521511,75,1,350000,3,28730,Desconocida,,True,6681208VL4368S,Buitrago del Lozoya,True,-3.6359904,,15,84,Madrid,3,,1,0.26207812837376,347,https://www.idealista.com/100222784,,100222784,160,3371,222,28027,1911,01/07/2023,1980,1,2,,V,Reculaje,222,23/01/2024,False,https://www.idealista.com/data/app/cid/NFdadzIwV2JLUE9PdmhMeGZldnlCdz09,1576.58,1,0-EU-ES-28-01-006-027
08/12/2022,2,,0,40.999008,4,5,,2802701001,3,34205618,0,1,194000,3,28730,,,,,Buitrago del Lozoya,False,-3.6382676,,135,1314,Madrid,3,,14,0.26207812837376,422,https://www.idealista.com/99862430,,99862430,420,25030,220,28027,1911,,,1,2,,,,,01/02/2024,False,https://www.idealista.com/data/app/cid/L1RiUDNDQW1ZcmpVTUJKa0gxWm1YQT09,881.82,,0-EU-ES-28-01-006-027
10/01/2024,2,,0,40.989823,4,3,,2802701001,1,37610218,0,1,570000,3,28730,Desconocida,,True,,Buitrago del Lozoya,True,-3.6383114,,8,70,Madrid,3,,0,0.26207812837376,451,https://www.idealista.com/103641593,,103641593,22,1574,260,28027,1911,,,1,2,,,A-1,,28/01/2024,True,https://www.idealista.com/data/app/cid/WkZRSUZteC9jRHVEQ2VWR0EybWtmdz09,2192.31,1,0-EU-ES-28-01-006-027
