ad_activationdate,ad_typology,newdevelopment_averageprice,address_certainty,ad_latitude,ad_subtypology,ad_roomnumber,property_cadastralreference,censustract_id,ad_addressvisible,id,cadastral_certainty,ad_operation,ad_price,ad_builttype,ad_postalcode,ad_streettype,ad_floornumber,ad_hasparkingspace,estate_cadastralroot,ad_town,ad_hasboxroom,ad_longitude,newdevelopment_commercialname,adstats_contactsbyemail,adstats_savedasfavorite,ad_province,ad_state,ad_flatlocation,adstats_sendtofriend,layerlocation_area,distance,ad_urlactive,newdevelopment_fromprice,ad_id,adstats_daysonmarket,adstats_visits,ad_area,censustract_town_id,layerlocation_population,ad_deactivationdate,property_builtdate,ad_propertytype,ad_bathnumber,ad_haslift,property_use,ad_streetname,property_area,ad_modificationdate,ad_hasswimmingpool,ad_urlinactive,ad_unitprice,ad_streetnumber,ad_layerlocation
04/01/2024,1,,0,40.1709362,,3,,2803601002,1,37556458,0,1,180000,3,28977,Desconocida,1,True,,Casarrubuelos,,-3.8318182,,1,17,Madrid,3,1,0,0.051402146769999,107,https://www.idealista.com/103583883,,103583883,28,456,110,28036,3388,,,1,2,False,,LEON,,04/01/2024,,https://www.idealista.com/data/app/cid/Y2FaNWhHUXBMUGZUWWV5U3c3TmV6UT09,1636.36,7,0-EU-ES-28-04-012-036
19/07/2023,1,,96,40.1728037,,4,,2803601002,3,36183374,96,1,199900,3,28977,,1,False,,Casarrubuelos,False,-3.8306007,,5,24,Madrid,4,1,0,0.051402146769999,164,https://www.idealista.com/102085878,,102085878,100,496,143,28036,3388,27/10/2023,2009,1,2,False,,,,27/10/2023,False,https://www.idealista.com/data/app/cid/dWMxUzBDL25IZHNhbXpRUm5QbGw5UT09,1397.9,,0-EU-ES-28-04-012-036
15/01/2023,1,,96,40.1705496,,4,,2803601002,3,34458226,96,1,199900,3,28977,,,True,,Casarrubuelos,False,-3.8298007,,15,86,Madrid,4,1,1,0.051402146769999,164,https://www.idealista.com/100149500,,100149500,290,2373,153,28036,3388,02/11/2023,2009,1,2,False,,,,02/11/2023,False,https://www.idealista.com/data/app/cid/a0JuNVBBOU9FZXg2cW9XbmNza3JmQT09,1306.54,,0-EU-ES-28-04-012-036
20/11/2023,1,,70,40.1715314,,3,,2803601002,2,37235477,75,1,197000,3,28977,Desconocida,1,True,,Casarrubuelos,True,-3.8319861,,1,55,Madrid,3,1,0,0.051402146769999,180,https://www.idealista.com/103234443,,103234443,73,1334,143,28036,3388,,2009,1,2,False,V,Plazuela del Concejo,143,21/12/2023,False,https://www.idealista.com/data/app/cid/NHN2U0Q5SWtwNm05NFV0cGNFeGw4dz09,1377.62,,0-EU-ES-28-04-012-036
23/12/2022,1,,0,40.1694721,,3,,2803601002,2,34316760,0,1,189000,3,28977,Desconocida,1,True,,Casarrubuelos,True,-3.8299819,,18,136,Madrid,4,1,1,0.051402146769999,279,https://www.idealista.com/99987702,,99987702,238,3086,143,28036,3388,18/08/2023,,1,2,False,,goya,,18/08/2023,,https://www.idealista.com/data/app/cid/bzNHT2NUOWNEL2dWNXloRStBOXRWdz09,1321.68,,0-EU-ES-28-04-012-036
20/09/2023,1,,94,40.1701611,,4,,2803601002,2,36663932,75,1,199500,3,28977,Calle,bj,True,,Casarrubuelos,True,-3.8303931,,10,47,Madrid,3,1,1,0.051402146769999,286,https://www.idealista.com/102608750,,102608750,134,1475,117,28036,3388,,2001,1,2,False,V,Goya,117,30/01/2024,,https://www.idealista.com/data/app/cid/LzlSMHJoQlM1ZTVUbTh4bVVkd1Mydz09,1705.13,,0-EU-ES-28-04-012-036
21/03/2023,1,,94,40.171365,,4,9472302VK2497S0050FR,2803601002,1,34970410,75,1,212000,3,28977,Calle,bj,True,9472302VK2497S,Casarrubuelos,True,-3.8297119,,17,42,Madrid,4,1,1,0.051402146769999,286,https://www.idealista.com/100734865,,100734865,182,1091,117,28036,3388,20/09/2023,2001,1,2,False,V,Goya,117,20/09/2023,True,https://www.idealista.com/data/app/cid/czFEZmY1SDMzcXpZZTdoWTBQNjcrZz09,1811.97,7,0-EU-ES-28-04-012-036
19/12/2023,1,,0,40.1729074,,3,,2803601002,2,37469285,0,1,179000,3,28977,Desconocida,1,,,Casarrubuelos,,-3.8294876,,1,7,Madrid,3,1,0,0.051402146769999,297,https://www.idealista.com/103489567,,103489567,44,558,110,28036,3388,,,1,2,False,,goya,,02/02/2024,True,https://www.idealista.com/data/app/cid/WHkxczJnNUxtS2ZkdDh2d244LzJXdz09,1627.27,,0-EU-ES-28-04-012-036
31/01/2024,1,,,40.170422,,3,,2803601001,3,103851070,,1,180000,3,28977,,1,True,,Casarrubuelos,False,-3.8283778,,1,2,Madrid,3,,0,0.051402146769999,567,https://www.idealista.com/103851070,,103851070,2,199,107,28036,3388,,,1,2,False,,,,02/02/2024,False,https://www.idealista.com/data/app/cid/eTRwYUl3QmsxcWhIa0pqQ29MMFRqZz09,1682.24,,0-EU-ES-28-04-012-036
06/03/2023,2,,0,40.172882,4,4,,2803601002,3,34949537,0,1,234260,2,28977,,,True,,Casarrubuelos,True,-3.8341328,,14,63,Madrid,4,,0,0.051402146769999,4,https://www.idealista.com/100710738,,100710738,174,1781,201,28036,3388,28/08/2023,,1,3,,,,,28/08/2023,,https://www.idealista.com/data/app/cid/bUdObC9CM0Vja0hLQjBwa285WXNTUT09,1165.47,,0-EU-ES-28-04-012-036
02/10/2023,2,,95,40.1726756,2,3,,2803601002,2,36782671,75,1,230000,3,28977,Desconocida,,True,,Casarrubuelos,,-3.8318886,,2,34,Madrid,3,,0,0.051402146769999,90,https://www.idealista.com/102738156,,102738156,122,1176,169,28036,3388,,2005,1,3,,V,minerva,195,24/11/2023,,https://www.idealista.com/data/app/cid/WUJTOUJ0TG1sTXV6SFQ5eVRUV1p5Zz09,1360.95,,0-EU-ES-28-04-012-036
26/10/2023,2,,95,40.1716595,0,3,9373019VK2497S0010ZX,2803601002,1,37003560,75,1,240000,3,28977,Calle,bj,True,9373019VK2497S,Casarrubuelos,True,-3.8322929,,1,19,Madrid,3,,0,0.051402146769999,90,https://www.idealista.com/102979538,,102979538,99,1041,169,28036,3388,,2005,1,3,,V,Minerva,195,30/01/2024,,https://www.idealista.com/data/app/cid/ckdzTFlqZ1QrNDNQbjh2NGMzaE8wQT09,1420.12,20,0-EU-ES-28-04-012-036
03/03/2023,2,,95,40.1712213,2,3,,2803601002,3,34929942,75,1,248500,3,28977,,bj,True,,Casarrubuelos,True,-3.8310403,,65,351,Madrid,4,,3,0.051402146769999,90,https://www.idealista.com/100689634,,100689634,324,6125,207,28036,3388,22/01/2024,2005,1,3,,V,,207,22/01/2024,False,https://www.idealista.com/data/app/cid/TWZrOHM0anZwRXNmUzFBU3RZNTJIUT09,1200.48,,0-EU-ES-28-04-012-036
03/06/2022,2,,0,40.1709362,2,7,,2803601002,1,32342498,0,1,360000,3,11007,Calle,,True,,Casarrubuelos,,-3.8318182,,1,3,Madrid,4,,0,0.051402146769999,107,https://www.idealista.com/97848305,,97848305,482,2881,284,28036,3388,28/09/2023,,1,6,,,cadiz,,28/09/2023,,https://www.idealista.com/data/app/cid/anhWOXdzZTVsT3RmbFlPdFk2YTJBdz09,1267.61,10,0-EU-ES-28-04-012-036
01/09/2023,2,,92,40.1721715,2,3,9273301VK2497S0027SD,2803601002,1,36503665,75,1,235000,3,28977,Avenida,,True,9273301VK2497S,Casarrubuelos,True,-3.8326205,,2,11,Madrid,4,,0,0.051402146769999,125,https://www.idealista.com/102433072,,102433072,1,158,207,28036,3388,03/09/2023,2005,1,3,,V,de la Vera Cruz,207,03/09/2023,False,https://www.idealista.com/data/app/cid/L1Y1YjNiQy95bUlwZGZmVWFjcmYwUT09,1135.27,14,0-EU-ES-28-04-012-036
26/06/2023,2,,94,40.1732273,2,4,,2803601002,2,35964108,75,1,205000,3,28977,Calle,bj,True,,Casarrubuelos,False,-3.8333314,,7,50,Madrid,4,,0,0.051402146769999,126,https://www.idealista.com/101845374,,101845374,102,1328,212,28036,3388,06/10/2023,2005,1,3,,V,Diana,246,06/10/2023,False,https://www.idealista.com/data/app/cid/MHhhdXg5eFIyUGk1bldFaGxzbHZKUT09,966.98,,0-EU-ES-28-04-012-036
25/07/2023,2,,94,40.1735258,2,3,,2803601002,2,36231638,75,1,205000,3,28977,Calle,,True,,Casarrubuelos,True,-3.8331958,,7,39,Madrid,4,,0,0.051402146769999,126,https://www.idealista.com/102138635,,102138635,74,1032,246,28036,3388,08/10/2023,2005,1,3,,V,Diana,246,08/10/2023,False,https://www.idealista.com/data/app/cid/c1JMMUZuU0JwUEx5L055Wk5FTld4dz09,833.33,,0-EU-ES-28-04-012-036
05/05/2023,2,,94,40.1717208,2,3,,2803601002,3,35495809,75,1,266000,3,28977,,,,,Casarrubuelos,,-3.8305102,,3,52,Madrid,3,,0,0.051402146769999,126,https://www.idealista.com/101323570,,101323570,13,1497,240,28036,3388,19/05/2023,2005,1,3,,V,,240,03/11/2023,,https://www.idealista.com/data/app/cid/VldyajdkeDl4bm41NFpEVG43ZkJrdz09,1108.33,,0-EU-ES-28-04-012-036
03/11/2022,2,,100,40.1699152,2,3,,2803601002,2,33789106,75,1,266100,3,28977,Calle,,True,,Casarrubuelos,True,-3.8308487,,17,270,Madrid,3,,3,0.051402146769999,128,https://www.idealista.com/99405932,,99405932,455,6738,240,28036,3388,,2005,1,3,,V,diana,240,29/11/2023,,https://www.idealista.com/data/app/cid/eStrS2hWcnF3VHRKUElvdlZnSHpRUT09,1108.75,,0-EU-ES-28-04-012-036
28/11/2021,2,,100,40.1737244,2,4,,2803601002,2,30643636,75,1,205000,3,28977,Desconocida,,True,,Casarrubuelos,True,-3.8344188,,13,39,Madrid,4,,0,0.051402146769999,136,https://www.idealista.com/96058759,,96058759,669,1801,150,28036,3388,29/09/2023,2005,1,4,,V,diana,234,29/09/2023,,https://www.idealista.com/data/app/cid/RHBNWXNTOTAzcGFjM2tNRHRzVlNBdz09,1366.67,,0-EU-ES-28-04-012-036
04/01/2024,2,,96,40.1706442,2,6,,2803601002,3,37561030,75,1,128000,3,28977,,,True,,Casarrubuelos,True,-3.832935,,14,27,Madrid,4,,0,0.051402146769999,161,https://www.idealista.com/103588718,,103588718,17,977,170,28036,3388,22/01/2024,1900,1,1,,V,,161,22/01/2024,,https://www.idealista.com/data/app/cid/ajNFd3FmdkgycDNBRWM4ZDU1N0Y2dz09,752.94,,0-EU-ES-28-04-012-036
15/06/2010,2,,67,40.1696375,3,3,,2803601002,1,7837356,100,1,300000,3,28977,Calle,,True,9171201VK2497S,Casarrubuelos,False,-3.8333537,,31,40,Madrid,3,,2,0.051402146769999,164,https://www.idealista.com/356125,,356125,2883,5707,283,28036,3388,08/05/2018,2004,1,3,,,Rio Duero,,05/07/2023,False,https://www.idealista.com/data/app/cid/S3Q2dEpMdGZ1Ung4SU1EdEJLUllnQT09,1060.07,2,0-EU-ES-28-04-012-036
24/01/2024,2,,,40.1683193,3,5,,2803601002,2,103784781,,1,254990,3,28977,Calle,,True,,Casarrubuelos,True,-3.8304962,,4,12,Madrid,4,,0,0.051402146769999,205,https://www.idealista.com/103784781,,103784781,5,298,170,28036,3388,29/01/2024,,1,3,,,Mediodía,,29/01/2024,True,https://www.idealista.com/data/app/cid/RTNLNnFFUlV2UmNtQnlWUEtJeDVTUT09,1499.94,,0-EU-ES-28-04-012-036
04/08/2023,2,,90,40.1704462,2,3,,2803601002,1,36317682,90,1,226000,3,28977,Desconocida,,True,9472304VK2497S,Casarrubuelos,True,-3.8298659,,15,106,Madrid,3,,0,0.051402146769999,281,https://www.idealista.com/102230313,,102230313,181,3608,173,28036,3388,,2002,1,3,,,"C/GOYA, 1",,02/02/2024,,https://www.idealista.com/data/app/cid/ekFNTkNMa09wOWV0VGllWFhGWEdhQT09,1306.36,1,0-EU-ES-28-04-012-036
06/06/2023,2,,94,40.168907,3,4,,2803601002,2,35793118,75,1,325000,3,28977,Calle,,True,,Casarrubuelos,,-3.8278216,,2,42,Madrid,3,,0,0.051402146769999,293,https://www.idealista.com/101657148,,101657148,240,1742,200,28036,3388,,1998,1,3,,V,goya,208,01/02/2024,,https://www.idealista.com/data/app/cid/bjdLQzN0YTVjM3lDdTdreDNyajY1QT09,1625,,0-EU-ES-28-04-012-036
24/01/2024,2,,,40.1725797,2,3,,2803601002,2,103783760,,1,246000,3,28977,Calle,,,,Casarrubuelos,True,-3.828053,,2,14,Madrid,3,,0,0.051402146769999,297,https://www.idealista.com/103783760,,103783760,8,365,184,28036,3388,,,1,3,,,goya,,02/02/2024,,https://www.idealista.com/data/app/cid/c1AxT0JDYWxWMkRxckZydnZPT1Bsdz09,1336.96,,0-EU-ES-28-04-012-036
29/08/2022,2,,0,40.1698076,2,4,,2803601002,2,33093157,0,1,367500,3,28977,Desconocida,,True,,Casarrubuelos,True,-3.829135,,1,24,Madrid,3,,0,0.051402146769999,297,https://www.idealista.com/98647965,,98647965,521,2069,253,28036,3388,,,1,3,,,goya,,01/02/2024,,https://www.idealista.com/data/app/cid/cEkyYW5RR1BralAzQUh4WkplRUh2dz09,1452.57,,0-EU-ES-28-04-012-036
19/06/2023,2,,94,40.171567,2,2,9473801VK2497S0001LH,2803601002,1,35908109,75,1,188000,3,28977,Calle,,True,9473801VK2497S,Casarrubuelos,,-3.8294546,,3,30,Madrid,4,,0,0.051402146769999,311,https://www.idealista.com/101783032,,101783032,148,548,173,28036,3388,14/11/2023,1999,1,2,,V,goya,208,14/11/2023,,https://www.idealista.com/data/app/cid/Z1B2VU5ya00yeE9qM1c3TUptYXJrUT09,1086.71,26,0-EU-ES-28-04-012-036
06/03/2023,2,,0,40.172875,3,4,,2803601002,2,34946512,0,1,234260,3,28977,Desconocida,,True,,Casarrubuelos,,-3.8301723,,13,123,Madrid,4,,1,0.051402146769999,313,https://www.idealista.com/100707502,,100707502,169,2536,201,28036,3388,23/08/2023,,1,3,,,goya,,23/08/2023,,https://www.idealista.com/data/app/cid/c1pPZmprL2J0VWZsd3BFK1UwcGYrZz09,1165.47,,0-EU-ES-28-04-012-036
20/07/2023,2,,0,40.1671215,2,4,,2803601001,2,36199890,0,1,237500,3,28977,Calle,,True,,Casarrubuelos,True,-3.8307894,,10,29,Madrid,4,,1,0.051402146769999,340,https://www.idealista.com/102104097,,102104097,175,1119,230,28036,3388,12/01/2024,,1,3,,,RIO GUADIANA,,12/01/2024,,https://www.idealista.com/data/app/cid/RmM4dzB3eVdYQVZnbG96a212Q2d2QT09,1032.61,,0-EU-ES-28-04-012-036
28/11/2023,2,,0,40.1710626,3,5,,2803601002,1,37310244,0,1,255000,3,28977,Desconocida,,True,,Casarrubuelos,True,-3.8290469,,1,13,Madrid,4,,0,0.051402146769999,341,https://www.idealista.com/103315151,,103315151,8,149,223,28036,3388,07/12/2023,,1,3,,,Velázquez,,07/12/2023,True,https://www.idealista.com/data/app/cid/QUNhak01U0VhaXFtS2ZkSE5jb3VXQT09,1143.5,0,0-EU-ES-28-04-012-036
28/09/2023,2,,0,40.1710626,3,5,,2803601002,1,36747232,0,1,255000,3,28977,Desconocida,,True,,Casarrubuelos,True,-3.8290469,,3,53,Madrid,4,,1,0.051402146769999,341,https://www.idealista.com/102698824,,102698824,61,1164,222,28036,3388,28/11/2023,,1,3,,,Velazquez,,28/11/2023,True,https://www.idealista.com/data/app/cid/enphNG9RdDBYUEtuVnNMRm5EQVhlQT09,1148.65,0,0-EU-ES-28-04-012-036
14/07/2023,2,,95,40.169883,4,5,,2803601002,3,36146487,75,1,255000,3,28977,,,True,,Casarrubuelos,,-3.8298535,,5,47,Madrid,4,,0,0.051402146769999,347,https://www.idealista.com/102045416,,102045416,143,1098,222,28036,3388,05/12/2023,1999,1,3,,V,,222,05/12/2023,True,https://www.idealista.com/data/app/cid/M0NlbHpkaXkwTlZ1ZnVkaEZqazQ1Zz09,1148.65,,0-EU-ES-28-04-012-036
13/09/2022,2,,100,40.1704868,4,3,,2803601002,2,33221340,75,1,170000,2,28977,Avenida,,True,,Casarrubuelos,True,-3.8288649,,8,66,Madrid,4,,0,0.051402146769999,352,https://www.idealista.com/98787684,,98787684,330,1322,151,28036,3388,10/08/2023,2003,1,2,,V,de María de las Mercedes,184,10/08/2023,True,https://www.idealista.com/data/app/cid/UTF3emhWNlpOYmlaeVBTTG5BRFhWZz09,1125.83,,0-EU-ES-28-04-012-036
10/10/2023,2,,80,40.1703627,3,3,,2803601002,2,36863603,75,1,243000,3,28977,Calle,,True,,Casarrubuelos,,-3.8307927,,4,32,Madrid,4,,1,0.051402146769999,356,https://www.idealista.com/102827075,,102827075,8,465,186,28036,3388,19/10/2023,2013,1,3,,V,de la Virgen Victoria,124,19/10/2023,,https://www.idealista.com/data/app/cid/VnNTNFQ3QWpLOGhlbDdGc2t1Undjdz09,1306.45,,0-EU-ES-28-04-012-036
23/06/2022,2,,0,40.1706738,4,3,,2803601002,2,32540518,0,1,170000,2,28977,Avenida,,False,,Casarrubuelos,False,-3.831468,,25,214,Madrid,4,,0,0.051402146769999,360,https://www.idealista.com/98058021,,98058021,411,4569,133,28036,3388,09/08/2023,,1,2,,,de María de las Mercedes,,09/08/2023,True,https://www.idealista.com/data/app/cid/ZHNtTmJlZVN2eS94dm9Ga1pvNVhwZz09,1278.2,,0-EU-ES-28-04-012-036
24/06/2022,2,,0,40.1711338,4,3,,2803601002,2,32551208,0,1,170000,2,28977,Avenida,,True,,Casarrubuelos,False,-3.8305503,,18,48,Madrid,4,,0,0.051402146769999,360,https://www.idealista.com/98069326,,98069326,410,1259,133,28036,3388,09/08/2023,,1,2,,,de María de las Mercedes,,09/08/2023,False,https://www.idealista.com/data/app/cid/c3NZRVpUd0RweHU0T2RVOGVkN1F1dz09,1278.2,,0-EU-ES-28-04-012-036
31/07/2023,2,,100,40.1693151,4,3,9470107VK2497S0001UH,2803601002,1,36279844,75,1,170000,2,28977,Avenida,,False,9470107VK2497S,Casarrubuelos,False,-3.8295331,,5,35,Madrid,4,,0,0.051402146769999,360,https://www.idealista.com/102189988,,102189988,20,670,151,28036,3388,21/08/2023,2002,1,2,,V,de María de las Mercedes,151,21/08/2023,True,https://www.idealista.com/data/app/cid/VVJSRXEzbVE1OUkzbGpjdkhQZ0xLZz09,1125.83,18,0-EU-ES-28-04-012-036
28/06/2022,2,,0,40.1711718,4,3,,2803601002,2,32583288,0,1,170000,2,28977,Avenida,,True,,Casarrubuelos,False,-3.8282028,,18,61,Madrid,4,,0,0.051402146769999,360,https://www.idealista.com/98103147,,98103147,406,1239,151,28036,3388,09/08/2023,,1,2,,,de María de las Mercedes,,09/08/2023,True,https://www.idealista.com/data/app/cid/eTAwTDBuSEJSZTFsbDJYN1Q2TUFvdz09,1125.83,,0-EU-ES-28-04-012-036
