ad_activationdate,ad_typology,newdevelopment_averageprice,address_certainty,ad_latitude,ad_subtypology,ad_roomnumber,property_cadastralreference,censustract_id,ad_addressvisible,id,cadastral_certainty,ad_operation,ad_price,ad_builttype,ad_postalcode,ad_streettype,ad_floornumber,ad_hasparkingspace,estate_cadastralroot,ad_town,ad_hasboxroom,ad_longitude,newdevelopment_commercialname,adstats_contactsbyemail,adstats_savedasfavorite,ad_province,ad_state,ad_flatlocation,adstats_sendtofriend,layerlocation_area,distance,ad_urlactive,newdevelopment_fromprice,ad_id,adstats_daysonmarket,adstats_visits,ad_area,censustract_town_id,layerlocation_population,ad_deactivationdate,property_builtdate,ad_propertytype,ad_bathnumber,ad_haslift,property_use,ad_streetname,property_area,ad_modificationdate,ad_hasswimmingpool,ad_urlinactive,ad_unitprice,ad_streetnumber,ad_layerlocation
23/09/2019,2,,0,40.4262386,2,4,,2804801001,3,20462758,0,1,154000,3,28811,,,True,,Corpa,False,-3.2628205,,0,6,Madrid,3,,0,0.25460063825626,125,https://www.idealista.com/87067006,,87067006,1592,250,175,28048,686,,,1,3,,,,,03/01/2020,,https://www.idealista.com/data/app/cid/V1Fva01ydEs5R0w4eitKTG5GeHZtUT09,880,,0-EU-ES-28-06-009-048
17/08/2023,2,,0,40.4258626,3,3,,2804801001,1,36390945,0,1,196000,3,28811,Calle,,True,,Corpa,True,-3.2614479,,5,34,Madrid,4,,0,0.25460063825626,151,https://www.idealista.com/102312343,,102312343,81,881,191,28048,686,06/11/2023,,1,2,,,del Viento,,06/11/2023,False,https://www.idealista.com/data/app/cid/L0RRS1VOVzdFa2pyMkxTWGlCQ0Ywdz09,1026.18,16,0-EU-ES-28-06-009-048
18/08/2023,2,,100,40.4278448,2,3,,2804801001,2,36397542,100,1,209000,3,28811,Desconocida,,True,,Corpa,True,-3.2620478,,9,52,Madrid,4,,1,0.25460063825626,163,https://www.idealista.com/102319375,,102319375,164,2050,191,28048,686,29/01/2024,2007,1,2,,,del Viento,,29/01/2024,,https://www.idealista.com/data/app/cid/R1FZTVlMNnRoWU9xS2hodnExQy9kUT09,1094.24,,0-EU-ES-28-06-009-048
13/12/2023,2,,100,40.4242136,3,3,,2804801001,3,37415674,75,1,194900,3,28811,,,True,,Corpa,True,-3.2662675,,6,67,Madrid,3,,0,0.25460063825626,432,https://www.idealista.com/103431185,,103431185,51,1156,210,28048,686,,2001,1,3,,V,,162,13/12/2023,,https://www.idealista.com/data/app/cid/d0NvaWMzc284UEZ1cjZiY21rTzZHZz09,928.1,,0-EU-ES-28-06-009-048
18/10/2023,2,,100,40.4247536,3,3,,2804801001,3,36929187,75,1,195000,3,28811,,,True,,Corpa,True,-3.2683333,,3,39,Madrid,4,,0,0.25460063825626,433,https://www.idealista.com/102898244,,102898244,55,1016,210,28048,686,13/12/2023,2001,1,3,,V,,162,13/12/2023,,https://www.idealista.com/data/app/cid/S2p0VDUrVU1iN2xkY2NUNUZpQXhhdz09,928.57,,0-EU-ES-28-06-009-048
