ad_activationdate,ad_typology,newdevelopment_averageprice,address_certainty,ad_latitude,ad_subtypology,ad_roomnumber,property_cadastralreference,censustract_id,ad_addressvisible,id,cadastral_certainty,ad_operation,ad_price,ad_builttype,ad_postalcode,ad_streettype,ad_floornumber,ad_hasparkingspace,estate_cadastralroot,ad_town,ad_hasboxroom,ad_longitude,newdevelopment_commercialname,adstats_contactsbyemail,adstats_savedasfavorite,ad_province,ad_state,ad_flatlocation,adstats_sendtofriend,layerlocation_area,distance,ad_urlactive,newdevelopment_fromprice,ad_id,adstats_daysonmarket,adstats_visits,ad_area,censustract_town_id,layerlocation_population,ad_deactivationdate,property_builtdate,ad_propertytype,ad_bathnumber,ad_haslift,property_use,ad_streetname,property_area,ad_modificationdate,ad_hasswimmingpool,ad_urlinactive,ad_unitprice,ad_streetnumber,ad_layerlocation
12/12/2023,1,,0,40.8780702,,1,,2802101001,2,37410956,0,1,173000,3,28192,Calle,,,,El Berrueco,,-3.5942058,,2,7,Madrid,4,,0,0.28439472208,2797,https://www.idealista.com/103425199,,103425199,51,492,195,28021,656,01/02/2024,,1,1,,,Lanchar de Losa Morilla,,01/02/2024,,https://www.idealista.com/data/app/cid/elRUWFMwRmhtN2QxWlVaMWtOdE9vZz09,887.18,,0-EU-ES-28-01-006-021
25/08/2023,2,,0,40.8885479,4,1,,2802101001,2,36443449,0,1,180785,3,28192,Calle,,,,El Berrueco,,-3.5611992,,4,31,Madrid,4,,0,0.28439472208,194,https://www.idealista.com/102368989,,102368989,7,470,186,28021,656,01/09/2023,,1,1,,,Losa Morilla,,01/09/2023,,https://www.idealista.com/data/app/cid/aVdWc2hvZ2hGSVM5WGt0TEFxdDYvZz09,971.96,,0-EU-ES-28-01-006-021
24/10/2021,2,,0,40.8893089,4,4,,2802101001,1,30285650,0,1,180785,3,28192,Desconocida,,True,,El Berrueco,True,-3.5629234,,50,345,Madrid,3,,3,0.28439472208,194,https://www.idealista.com/95685985,,95685985,830,9762,195,28021,656,,,1,2,,,LANCHA DE LOSA MORILLA,,30/11/2023,,https://www.idealista.com/data/app/cid/V3c0dnlWVzQ3STRhS3ZwMDE0YzF1dz09,927.1,4,0-EU-ES-28-01-006-021
28/07/2023,2,,100,40.887712,2,3,,2802101001,2,36266742,100,1,249000,3,28192,Calle,,True,,El Berrueco,True,-3.5583772,,5,53,Madrid,3,,1,0.28439472208,243,https://www.idealista.com/102175859,,102175859,188,2714,179,28021,656,,2005,1,3,,,LOS PRADOS,,13/09/2023,,https://www.idealista.com/data/app/cid/SWtiUmJrSWJONjJScTZJWmFpUk9zQT09,1391.06,,0-EU-ES-28-01-006-021
13/11/2023,2,,0,40.8905545,4,4,,2802101001,1,37130098,0,1,320000,3,28192,Calle,,True,,El Berrueco,True,-3.5644158,,5,15,Madrid,4,,0,0.28439472208,381,https://www.idealista.com/103118802,,103118802,11,448,200,28021,656,24/11/2023,,1,2,,,Cortada,,24/11/2023,True,https://www.idealista.com/data/app/cid/Mnozeld5VkU4aTViL3hubHp0VFA0UT09,1600,7,0-EU-ES-28-01-006-021
22/08/2022,2,,100,40.8964231,4,6,3575302VL5237N0001QW,2802101001,1,33044467,75,1,255000,3,28192,Calle,,False,3575302VL5237N,El Berrueco,True,-3.5521017,,18,181,Madrid,4,,3,0.28439472208,1203,https://www.idealista.com/98595568,,98595568,526,5602,180,28021,656,30/01/2024,1981,1,2,,V,Cortada,178,30/01/2024,False,https://www.idealista.com/data/app/cid/N2t0U2VKNlZGODRMZmh3bVVLNThnQT09,1416.67,27,0-EU-ES-28-01-006-021
02/10/2023,2,,0,40.8838363,4,5,,2802101001,1,36778244,0,1,259000,3,28192,Desconocida,,True,,El Berrueco,True,-3.5755776,,17,225,Madrid,3,,3,0.28439472208,1294,https://www.idealista.com/102733210,,102733210,122,4222,250,28021,656,,,1,2,,,M127,,02/10/2023,,https://www.idealista.com/data/app/cid/WUdEOXo0M1dMS1JtWHVPa1pJR3R0dz09,1036,0,0-EU-ES-28-01-006-021
25/07/2023,2,,100,40.8791222,3,4,1058158VL5215N0001XY,2802101001,1,36231709,75,1,210000,3,28192,Camino,,True,1058158VL5215N,El Berrueco,True,-3.5792327,,19,175,Madrid,3,,0,0.28439472208,1811,https://www.idealista.com/102138706,,102138706,191,3912,178,28021,656,,1996,1,2,,V,Viejo de la Cabrera,282,30/01/2024,True,https://www.idealista.com/data/app/cid/SWJwRm1vOHlzeWFlek9Qc1p1WU5mZz09,1179.78,4,0-EU-ES-28-01-006-021
29/11/2023,2,,100,40.8776506,4,5,,2802101001,2,37313350,100,1,395000,3,28192,Camino,,True,,El Berrueco,True,-3.5847817,,0,24,Madrid,3,,0,0.28439472208,2150,https://www.idealista.com/103319408,,103319408,65,883,270,28021,656,,1986,1,2,,,de las Canteras,,24/01/2024,True,https://www.idealista.com/data/app/cid/TUwrQm05eTlVRjlMbzE4Z1lpQjBXQT09,1462.96,,0-EU-ES-28-01-006-021
12/06/2023,2,,100,40.8809876,4,3,,2802101001,2,35838295,75,1,400000,3,28192,Camino,,True,,El Berrueco,True,-3.5866203,,0,13,Madrid,4,,0,0.28439472208,2192,https://www.idealista.com/101706869,,101706869,77,316,250,28021,656,28/08/2023,1980,1,2,,V,de las Canteras,205,28/08/2023,True,https://www.idealista.com/data/app/cid/Z3kwMnBtb3Y3TTFTODQ0cjg0a1Frdz09,1600,,0-EU-ES-28-01-006-021
16/08/2022,2,,83,40.8822812,4,3,,2802101001,2,33016046,75,1,400000,3,28192,Camino,,True,,El Berrueco,True,-3.5837681,,3,85,Madrid,4,,1,0.28439472208,2193,https://www.idealista.com/98562476,,98562476,381,3329,250,28021,656,02/09/2023,1974,1,2,,V,de las Canteras,250,02/09/2023,True,https://www.idealista.com/data/app/cid/b0d5c1BEMG5BbnlMN3g5WHo4Y2xiUT09,1600,,0-EU-ES-28-01-006-021
24/03/2023,2,,0,40.878929,4,5,,2802101001,3,35134975,0,1,650000,3,28192,,,True,,El Berrueco,True,-3.5872405,,10,200,Madrid,3,,2,0.28439472208,2225,https://www.idealista.com/100917854,,100917854,314,6613,299,28021,656,,,1,3,,,,,30/11/2023,True,https://www.idealista.com/data/app/cid/SnZ3VnlobVYwZ0J5Y2dmemUwbDl0QT09,2173.91,,0-EU-ES-28-01-006-021
20/10/2021,2,,0,40.8830684,0,1,,2802101001,2,30243796,0,1,173000,3,28192,Camino,,,,El Berrueco,,-3.5875025,,12,140,Madrid,3,,0,0.28439472208,2261,https://www.idealista.com/95642195,,95642195,786,4831,186,28021,656,16/12/2023,,1,1,,,de las Canteras,,19/01/2024,,https://www.idealista.com/data/app/cid/aXJyUFA5ejB2VFozRmNCa1JhR01tZz09,930.11,,0-EU-ES-28-01-006-021
09/11/2022,2,,83,40.8826054,4,1,,2802101001,2,33854281,75,1,173000,3,28192,Calle,,False,,El Berrueco,False,-3.5854785,,3,36,Madrid,3,,0,0.28439472208,2261,https://www.idealista.com/99480146,,99480146,102,1257,195,28021,656,20/02/2023,0,1,1,,M,de los Abetos,0,09/11/2023,False,https://www.idealista.com/data/app/cid/R0tHM0kyVkRVSUNoQUQxODJ0OEVDdz09,887.18,,0-EU-ES-28-01-006-021
20/10/2021,2,,0,40.881862,0,3,,2802101001,2,30243797,0,1,171000,3,28192,Camino,,False,,El Berrueco,False,-3.5882883,,43,391,Madrid,3,,2,0.28439472208,2267,https://www.idealista.com/95642196,,95642196,762,13039,186,28021,656,22/11/2023,,1,2,,,de las Canteras,,01/02/2024,False,https://www.idealista.com/data/app/cid/RENEdHZGdS82R3dNRjM1REE3STczdz09,919.35,,0-EU-ES-28-01-006-021
24/11/2022,2,,83,40.8808028,4,3,,2802101001,2,34076717,75,1,171000,3,28192,Camino,,False,,El Berrueco,False,-3.5863558,,5,47,Madrid,4,,0,0.28439472208,2267,https://www.idealista.com/99720180,,99720180,357,815,195,28021,656,17/11/2023,0,1,2,,M,de las Canteras,0,17/11/2023,False,https://www.idealista.com/data/app/cid/eDY1SERXTk12enBYNkFvTWVkVVhiQT09,876.92,,0-EU-ES-28-01-006-021
24/11/2022,2,,83,40.8830265,4,1,,2802101001,2,34076700,75,1,180785,3,28192,Camino,,False,,El Berrueco,False,-3.5877741,,0,0,Madrid,4,,0,0.28439472208,2273,https://www.idealista.com/99720163,,99720163,279,39,195,28021,656,31/08/2023,0,1,1,,M,de las Canteras,0,31/08/2023,False,https://www.idealista.com/data/app/cid/UWJkem1hczJsTHk1S2VNaDRnRTk1UT09,927.1,,0-EU-ES-28-01-006-021
20/10/2021,2,,0,40.8825115,0,1,,2802101001,2,30243798,0,1,173000,3,28192,Camino,,,,El Berrueco,,-3.5861681,,16,154,Madrid,3,,2,0.28439472208,2273,https://www.idealista.com/95642197,,95642197,786,5919,186,28021,656,16/12/2023,,1,1,,,de las Canteras,,19/01/2024,,https://www.idealista.com/data/app/cid/cHhUcHNHYUJTR2txN3d4cTY2Nlkzdz09,930.11,,0-EU-ES-28-01-006-021
12/06/2023,2,,0,40.8776245,4,5,,2802101001,1,35841257,0,1,259000,3,28192,Calle,,True,,El Berrueco,True,-3.5845294,,32,240,Madrid,3,,4,0.28439472208,2277,https://www.idealista.com/101709993,,101709993,234,5253,250,28021,656,,,1,3,,,Castillo,,10/01/2024,False,https://www.idealista.com/data/app/cid/YnVPeENqUG1GaWt5emdYS0U2KzdkZz09,1036,20,0-EU-ES-28-01-006-021
29/01/2024,2,,,40.8776622,4,4,,2802101001,3,103835565,,1,388000,3,28192,,,True,,El Berrueco,True,-3.5870747,,0,10,Madrid,3,,0,0.28439472208,2318,https://www.idealista.com/103835565,,103835565,3,186,244,28021,656,,,1,2,,,,,31/01/2024,,https://www.idealista.com/data/app/cid/WkhCSnlRZm1LeGhrWWJDVm4weFVwdz09,1590.16,,0-EU-ES-28-01-006-021
06/07/2022,2,,100,40.8826207,4,3,,2802101001,2,32686338,75,1,171000,3,28192,Calle,,True,,El Berrueco,False,-3.5878894,,21,289,Madrid,4,,0,0.28439472208,2418,https://www.idealista.com/98210823,,98210823,503,7249,195,28021,656,22/11/2023,2008,1,2,,V,Lanchar de Losa Morilla,195,22/11/2023,False,https://www.idealista.com/data/app/cid/Q1Roa005RjN0R2p6UlBLbTRQWFl3QT09,876.92,,0-EU-ES-28-01-006-021
20/10/2021,2,,97,40.8806422,4,4,,2802101001,1,30251830,97,1,171000,3,28192,Desconocida,,True,0559710VL5205N,El Berrueco,True,-3.5883201,,60,484,Madrid,3,,3,0.28439472208,2422,https://www.idealista.com/95650587,,95650587,834,10827,195,28021,656,,2008,1,2,,,LANCHA DE LOSA MORILLA,,30/11/2023,,https://www.idealista.com/data/app/cid/NGRjRERIbkdON1lVdzBWMUx0c0xoQT09,876.92,4,0-EU-ES-28-01-006-021
10/05/2022,2,,100,40.8797856,4,3,,2802101001,2,32110930,75,1,173000,3,28192,Calle,,True,,El Berrueco,False,-3.5874483,,26,152,Madrid,3,,2,0.28439472208,2435,https://www.idealista.com/97601693,,97601693,162,4512,195,28021,656,20/10/2022,2008,1,2,,V,Lanchar de Losa Morilla,195,05/12/2023,False,https://www.idealista.com/data/app/cid/ODNpdjI3QWl0MFdKNXdWQ0F1ZG55dz09,887.18,,0-EU-ES-28-01-006-021
21/01/2022,2,,100,40.8669943,4,3,,2815301001,3,31051643,75,1,189000,2,28189,,,True,,El Berrueco,True,-3.5337161,,27,439,Madrid,4,,5,0.28439472208,3426,https://www.idealista.com/96487578,,96487578,720,10881,226,28153,656,12/01/2024,2004,1,1,,V,,226,12/01/2024,False,https://www.idealista.com/data/app/cid/Vnl6MjFaYitwZi9lK3pQZVZFSUdqdz09,836.28,,0-EU-ES-28-01-006-021
22/12/2021,2,,100,40.8681153,4,3,,2815301001,3,30848451,75,1,189000,2,28189,,,True,,El Berrueco,True,-3.5330514,,42,461,Madrid,3,,2,0.28439472208,3426,https://www.idealista.com/96273222,,96273222,337,13970,226,28153,656,25/11/2022,2004,1,1,,V,,226,26/01/2024,,https://www.idealista.com/data/app/cid/Z0g4NFJDM0x2Vng3L0ZFeUVhSFhZQT09,836.28,,0-EU-ES-28-01-006-021
