ad_activationdate,ad_typology,newdevelopment_averageprice,address_certainty,ad_latitude,ad_subtypology,ad_roomnumber,property_cadastralreference,censustract_id,ad_addressvisible,id,cadastral_certainty,ad_operation,ad_price,ad_builttype,ad_postalcode,ad_streettype,ad_floornumber,ad_hasparkingspace,estate_cadastralroot,ad_town,ad_hasboxroom,ad_longitude,newdevelopment_commercialname,adstats_contactsbyemail,adstats_savedasfavorite,ad_province,ad_state,ad_flatlocation,adstats_sendtofriend,layerlocation_area,distance,ad_urlactive,newdevelopment_fromprice,ad_id,adstats_daysonmarket,adstats_visits,ad_area,censustract_town_id,layerlocation_population,ad_deactivationdate,property_builtdate,ad_propertytype,ad_bathnumber,ad_haslift,property_use,ad_streetname,property_area,ad_modificationdate,ad_hasswimmingpool,ad_urlinactive,ad_unitprice,ad_streetnumber,ad_layerlocation
04/09/2022,1,,100,40.7675649,,2,,2816801001,1,33146776,100,1,175000,3,28722,Travesía,2,True,1233811VL5113S,El Vellón,True,-3.5797468,,,0,Madrid,4,1,0,0.33875096707249,259,https://www.idealista.com/98705822,,98705822,330,,110,28168,1957,01/08/2023,2007,1,1,True,,de San Blas,,01/08/2023,False,https://www.idealista.com/data/app/cid/clJ6Wi80TWNjUmVkaHkxQmp1R242UT09,1590.91,5,0-EU-ES-28-01-019-168
04/09/2022,1,,100,40.7675649,,2,,2816801001,1,33146937,100,1,172000,3,28722,Travesía,2,True,1233811VL5113S,El Vellón,True,-3.5797468,,15,74,Madrid,4,1,0,0.33875096707249,259,https://www.idealista.com/98705983,,98705983,496,2174,110,28168,1957,14/01/2024,2007,1,1,True,,de San Blas,,14/01/2024,False,https://www.idealista.com/data/app/cid/WkFjdXl3d2VKQUR6Z3JZa0xnTWw2QT09,1563.64,5,0-EU-ES-28-01-019-168
15/09/2023,2,,100,40.7672583,3,4,,2816801001,1,36617502,100,1,399000,3,28722,Calle,,True,0833016VL5103S,El Vellón,True,-3.5842254,,8,14,Madrid,4,,0,0.33875096707249,231,https://www.idealista.com/102558703,,102558703,104,1077,200,28168,1957,28/12/2023,2006,1,3,,,la Hacilla,,28/12/2023,True,https://www.idealista.com/data/app/cid/eklsUEs4TkU5NSswL09QRG9LL0daQT09,1995,10,0-EU-ES-28-01-019-168
25/01/2024,2,,,40.7672583,3,4,,2816801001,1,103799227,,1,395000,3,28722,Calle,,True,,El Vellón,True,-3.5842254,,4,4,Madrid,3,,0,0.33875096707249,231,https://www.idealista.com/103799227,,103799227,7,228,185,28168,1957,,,1,3,,,la Hacilla,,02/02/2024,True,https://www.idealista.com/data/app/cid/MjZvV2tlakxOMGpSZTBxeVZWMFhCdz09,2135.14,10,0-EU-ES-28-01-019-168
07/07/2023,2,,0,40.7678914,2,3,,2816801001,3,36079056,0,1,245000,3,28722,,,True,,El Vellón,True,-3.5801016,,4,25,Madrid,4,,0,0.33875096707249,236,https://www.idealista.com/101970876,,101970876,188,1305,150,28168,1957,12/01/2024,,1,3,,,,,12/01/2024,False,https://www.idealista.com/data/app/cid/VlVjSHJieWRENXhoMWw2aFJEaTh3UT09,1633.33,,0-EU-ES-28-01-019-168
22/12/2023,2,,100,40.7672301,2,3,,2816801001,3,37499755,100,1,235000,3,28722,,,True,,El Vellón,True,-3.5782862,,4,29,Madrid,3,,0,0.33875096707249,395,https://www.idealista.com/103521822,,103521822,41,820,120,28168,1957,,2006,1,2,,,,,30/01/2024,,https://www.idealista.com/data/app/cid/Qlhsdmw1ZTZZZkkzb2ZUV0g4eDBCdz09,1958.33,,0-EU-ES-28-01-019-168
26/08/2018,2,,100,40.7676075,4,3,0734018VL5103S0001ZJ,2816801001,1,17465716,100,1,240000,3,28722,Calle,,True,0734018VL5103S,El Vellón,True,-3.5862758,,31,134,Madrid,3,,1,0.33875096707249,399,https://www.idealista.com/82128490,,82128490,392,3272,180,28168,1957,22/09/2019,0,1,2,,M,de la Magdalena,0,01/02/2024,True,https://www.idealista.com/data/app/cid/Sis0QlZHUmlnMFluUDBweklIQUMrUT09,1333.33,72,0-EU-ES-28-01-019-168
