ad_activationdate,ad_typology,newdevelopment_averageprice,address_certainty,ad_latitude,ad_subtypology,ad_roomnumber,property_cadastralreference,censustract_id,ad_addressvisible,id,cadastral_certainty,ad_operation,ad_price,ad_builttype,ad_postalcode,ad_streettype,ad_floornumber,ad_hasparkingspace,estate_cadastralroot,ad_town,ad_hasboxroom,ad_longitude,newdevelopment_commercialname,adstats_contactsbyemail,adstats_savedasfavorite,ad_province,ad_state,ad_flatlocation,adstats_sendtofriend,layerlocation_area,distance,ad_urlactive,newdevelopment_fromprice,ad_id,adstats_daysonmarket,adstats_visits,ad_area,censustract_town_id,layerlocation_population,ad_deactivationdate,property_builtdate,ad_propertytype,ad_bathnumber,ad_haslift,property_use,ad_streetname,property_area,ad_modificationdate,ad_hasswimmingpool,ad_urlinactive,ad_unitprice,ad_streetnumber,ad_layerlocation
20/08/2023,2,,100,41.0308768,4,3,7626708VL4472N0001FM,2813801001,1,36405209,75,1,120000,3,28737,Desconocida,,False,7626708VL4472N,La Serna del Monte,True,-3.624817,,12,92,Madrid,4,,4,0.053280491683749,121,https://www.idealista.com/102327462,,102327462,105,2993,140,28138,90,03/12/2023,1990,1,2,,V,peligros,120,03/12/2023,False,https://www.idealista.com/data/app/cid/YmNNNnRJYXNqa2RNTHh6anpvVndRQT09,857.14,11,0-EU-ES-28-01-006-138
28/05/2023,2,,100,41.0295817,4,3,,2813801001,2,35652962,75,1,120000,3,28737,Desconocida,,,,La Serna del Monte,True,-3.623124,,3,83,Madrid,4,,2,0.053280491683749,121,https://www.idealista.com/101502830,,101502830,81,3549,120,28138,90,17/08/2023,1990,1,2,,V,Peligros,120,17/08/2023,,https://www.idealista.com/data/app/cid/QUhid3V5aXhOamdmWmpVYW40anJwdz09,1000,,0-EU-ES-28-01-006-138
29/11/2023,2,,100,41.0323433,2,4,,2813801001,2,37234983,75,1,95000,2,28737,Calle,,True,,La Serna del Monte,True,-3.6244751,,2,55,Madrid,3,,0,0.053280491683749,138,https://www.idealista.com/103233928,,103233928,64,2786,128,28138,90,,1900,1,1,,V,de las Huertas,128,01/01/2024,False,https://www.idealista.com/data/app/cid/Nndvd2x6U0QwNVJkWmM2MmFORkpIdz09,742.19,,0-EU-ES-28-01-006-138
07/12/2022,2,,100,41.0310452,4,4,7626719VL4472N0001JM,2813801001,1,34196922,75,1,115000,3,28737,Calle,,True,7626719VL4472N,La Serna del Monte,True,-3.6251068,,,0,Madrid,4,,0,0.053280491683749,138,https://www.idealista.com/99852887,,99852887,316,,128,28138,90,19/10/2023,1900,1,2,,V,de las Huertas,128,19/10/2023,False,https://www.idealista.com/data/app/cid/L0Nxb20xNlplVi9OclBaTjI2eEFUdz09,898.44,12,0-EU-ES-28-01-006-138
07/12/2022,2,,100,41.0310452,4,4,7626719VL4472N0001JM,2813801001,1,34195513,75,1,115000,3,28737,Calle,,True,7626719VL4472N,La Serna del Monte,True,-3.6251068,,13,162,Madrid,4,,3,0.053280491683749,138,https://www.idealista.com/99851401,,99851401,316,6957,128,28138,90,19/10/2023,1900,1,2,,V,de las Huertas,128,19/10/2023,False,https://www.idealista.com/data/app/cid/SWoxM29MSlE2SFFCZnRGMjdlWi9SZz09,898.44,12,0-EU-ES-28-01-006-138
