ad_activationdate,ad_typology,newdevelopment_averageprice,address_certainty,ad_latitude,ad_subtypology,ad_roomnumber,property_cadastralreference,censustract_id,ad_addressvisible,id,cadastral_certainty,ad_operation,ad_price,ad_builttype,ad_postalcode,ad_streettype,ad_floornumber,ad_hasparkingspace,estate_cadastralroot,ad_town,ad_hasboxroom,ad_longitude,newdevelopment_commercialname,adstats_contactsbyemail,adstats_savedasfavorite,ad_province,ad_state,ad_flatlocation,adstats_sendtofriend,layerlocation_area,distance,ad_urlactive,newdevelopment_fromprice,ad_id,adstats_daysonmarket,adstats_visits,ad_area,censustract_town_id,layerlocation_population,ad_deactivationdate,property_builtdate,ad_propertytype,ad_bathnumber,ad_haslift,property_use,ad_streetname,property_area,ad_modificationdate,ad_hasswimmingpool,ad_urlinactive,ad_unitprice,ad_streetnumber,ad_layerlocation
09/11/2018,1,,100,40.9501991,,3,,2807601001,3,21525899,0,1,95500,3,28742,,2,,,Lozoya,False,-3.7926288,,0,0,Madrid,4,1,0,0.57322758282875,124,https://www.idealista.com/83025924,,83025924,1883,352,101,28076,593,06/01/2024,,1,1,False,,,,06/01/2024,False,https://www.idealista.com/data/app/cid/SFpQOVprajdpZDdBd1hMeTVSMnVzQT09,945.54,,0-EU-ES-28-01-006-076
02/06/2022,2,,100,40.9511441,4,6,3439611VL3333N0001QU,2807601001,1,32336305,75,1,239000,3,28742,Desconocida,,,3439611VL3333N,Lozoya,True,-3.7929059,,2,58,Madrid,3,,0,0.57322758282875,93,https://www.idealista.com/97841715,,97841715,609,5264,230,28076,593,,1940,1,2,,V,santo tomas,230,01/09/2022,,https://www.idealista.com/data/app/cid/em5EYllSbDJnY2l2T25Ed3hpcmpxZz09,1039.13,14,0-EU-ES-28-01-006-076
06/03/2023,2,,100,40.9514634,2,3,3639601VL3333N0001FU,2807601001,1,34939533,75,1,159800,3,28742,Calle,,True,3639601VL3333N,Lozoya,True,-3.7901843,,13,143,Madrid,3,,3,0.57322758282875,144,https://www.idealista.com/100700119,,100700119,333,8318,135,28076,593,,1984,1,2,,V,San Vicente,135,01/12/2023,,https://www.idealista.com/data/app/cid/T2hmK1prRFAydCtwL082NkM4c2x3QT09,1183.7,18,0-EU-ES-28-01-006-076
04/08/2021,2,,100,40.9511321,2,4,3639609VL3333N0001JU,2807601001,1,29585018,75,1,150000,3,28742,Calle,,True,3639609VL3333N,Lozoya,False,-3.7901937,,77,380,Madrid,4,,5,0.57322758282875,149,https://www.idealista.com/94950672,,94950672,787,14098,135,28076,593,30/09/2023,1984,1,2,,V,Luna,101,30/09/2023,False,https://www.idealista.com/data/app/cid/TDJqdGthTkFUVWpFVml5ZHc1NHdZUT09,1111.11,10,0-EU-ES-28-01-006-076
11/04/2023,2,,88,40.9537639,4,4,,2807601001,3,35272151,75,1,405000,3,28742,,,False,,Lozoya,False,-3.7923729,,0,3,Madrid,3,,0,0.57322758282875,472,https://www.idealista.com/101069805,,101069805,1,110,201,28076,593,13/04/2023,0,1,3,,M,,0,03/08/2023,True,https://www.idealista.com/data/app/cid/aGE3dWJCc0JFTzE0Nlk1ZXRBMHhDUT09,2014.93,,0-EU-ES-28-01-006-076
15/01/2022,2,,0,40.9553281,4,6,,2807601001,1,30995527,0,1,359000,3,28742,Desconocida,,True,,Lozoya,True,-3.7969976,,2,101,Madrid,3,,1,0.57322758282875,603,https://www.idealista.com/96428846,,96428846,748,6442,170,28076,593,,,1,1,,,n/d,,23/02/2023,True,https://www.idealista.com/data/app/cid/YlBFeENhOGNEcTIwdFNnTFdKRE44QT09,2111.76,0,0-EU-ES-28-01-006-076
