ad_activationdate,ad_typology,newdevelopment_averageprice,address_certainty,ad_latitude,ad_subtypology,ad_roomnumber,property_cadastralreference,censustract_id,ad_addressvisible,id,cadastral_certainty,ad_operation,ad_price,ad_builttype,ad_postalcode,ad_streettype,ad_floornumber,ad_hasparkingspace,estate_cadastralroot,ad_town,ad_hasboxroom,ad_longitude,newdevelopment_commercialname,adstats_contactsbyemail,adstats_savedasfavorite,ad_province,ad_state,ad_flatlocation,adstats_sendtofriend,layerlocation_area,distance,ad_urlactive,newdevelopment_fromprice,ad_id,adstats_daysonmarket,adstats_visits,ad_area,censustract_town_id,layerlocation_population,ad_deactivationdate,property_builtdate,ad_propertytype,ad_bathnumber,ad_haslift,property_use,ad_streetname,property_area,ad_modificationdate,ad_hasswimmingpool,ad_urlinactive,ad_unitprice,ad_streetnumber,ad_layerlocation
06/11/2023,1,,0,40.965603,,4,,2890201001,1,37093049,0,1,139000,3,28754,Callejón,bj,False,,Puentes Viejas,False,-3.5840716,,2,2,Madrid,3,1,0,0.57789425195126,11352,https://www.idealista.com/103077410,,103077410,88,859,136,28902,652,,,1,2,False,,del Clavel,,16/01/2024,False,https://www.idealista.com/data/app/cid/M1kwQ0UzTzdiMFNzbVg5YW1UVTM2QT09,1022.06,2,0-EU-ES-28-01-006-902
21/12/2010,1,,100,40.9907988,,4,6584003VL4368S0004QS,2802701001,1,20829279,100,1,199000,3,28730,Calle,1,False,6584003VL4368S,Buitrago del Lozoya,False,-3.6358907,,43,226,Madrid,3,1,2,0.26207812837376,11681,https://www.idealista.com/1866984,,1866984,4790,17123,155,28027,1911,,2007,1,2,False,V,Fuente,88,29/06/2023,False,https://www.idealista.com/data/app/cid/dE5ETHAxRUR6NndlbXpxR3NuZG4vQT09,1283.87,22,0-EU-ES-28-01-006-027
21/09/2022,1,,100,40.9877331,,3,,2802701001,3,33322460,75,1,178000,3,28730,,bj,,,Buitrago del Lozoya,True,-3.6336897,,5,41,Madrid,3,1,0,0.26207812837376,11852,https://www.idealista.com/98898979,,98898979,127,2508,110,28027,1911,27/01/2023,1975,1,1,False,V,,110,11/01/2024,False,https://www.idealista.com/data/app/cid/d3RNei9wbC9nS0NtNmhNSk1iUmFaZz09,1618.18,,0-EU-ES-28-01-006-027
17/03/2019,1,,100,41.14009,,3,,4016201001,1,21757463,100,1,155000,3,40165,Plaza,2,False,2347930VL4524N,Pradena,False,-3.68831,,0,76,Segovia,3,1,0,0.45824191688249,15998,https://www.idealista.com/84696343,,84696343,1718,2514,180,40162,562,29/11/2023,2009,1,2,False,,de la Constitucion,,28/01/2024,False,https://www.idealista.com/data/app/cid/MDJJM0ZDYVd3emM4Nzd1QWxrNnFpUT09,861.11,19,0-EU-ES-40-03-003-162
05/02/2022,1,,69,40.9808875,,2,2072504VL4327S0001HX,2806301001,1,31226499,75,1,123850,3,28739,Calle,bj,,2072504VL4327S,Gargantilla del Lozoya,,-3.6922468,,15,228,Madrid,4,1,2,0.23669613281374,16142,https://www.idealista.com/96668088,,96668088,576,5519,104,28063,353,04/09/2023,1980,1,2,False,V,Iglesia,249,04/09/2023,,https://www.idealista.com/data/app/cid/Z0dEM3VaU1I4d3k5T3pqKy9RZDVxUT09,1190.87,3,0-EU-ES-28-01-006-063
18/12/2022,1,,0,41.20356,,3,,4005401001,1,34273758,0,1,99500,3,40592,Carretera,2,False,,Cerezo de Arriba,False,-3.47221,,21,124,Segovia,4,1,0,0.48532799706876,16763,https://www.idealista.com/99939394,,99939394,375,1923,115,40054,165,28/12/2023,,1,2,True,,de Pinilla,,28/12/2023,True,https://www.idealista.com/data/app/cid/S0hpb2VMb2x1Z2R2UlI2YnRudDRVQT09,865.22,8,0-EU-ES-40-03-003-054
04/01/2022,1,,100,41.2041262,,3,0615101VL6601N0030MO,4005401001,1,30908660,75,1,99900,3,40592,Calle,2,False,0615101VL6601N,Cerezo de Arriba,False,-3.4723663,,32,176,Segovia,4,1,5,0.48532799706876,16819,https://www.idealista.com/96337381,,96337381,744,3983,115,40054,165,18/01/2024,1973,1,2,True,V,Serranova,41,18/01/2024,True,https://www.idealista.com/data/app/cid/R3NJZlRBYmVVOGlHWUd1a3hBeVlPQT09,868.7,1,0-EU-ES-40-03-003-054
10/01/2024,1,,,41.20414,,3,,4005401001,1,103641974,,1,98000,3,40592,Calle,2,True,,Cerezo de Arriba,True,-3.4721,,3,20,Segovia,3,1,0,0.48532799706876,16827,https://www.idealista.com/103641974,,103641974,22,381,102,40054,165,,,1,1,False,,Edificio Pico del Lobo,,29/01/2024,False,https://www.idealista.com/data/app/cid/Y2RybGZMNFB6VnU0aWNCMXUrV09IQT09,960.78,1,0-EU-ES-40-03-003-054
01/02/2023,1,,100,40.9887255,,3,,2809701001,2,34623883,50,1,144000,3,28739,Calle,1,False,,Navarredonda,False,-3.7268013,,1,35,Madrid,4,1,0,0.27378294887375,18180,https://www.idealista.com/100340049,,100340049,210,1422,100,28097,127,31/08/2023,2010,1,2,False,V,Casona,134,31/08/2023,False,https://www.idealista.com/data/app/cid/c0RCeUsvaHMrWWhPTEVMOUp5YjdUZz09,1440,,0-EU-ES-28-01-006-097
09/06/2023,1,,100,41.2373574,,3,,4005401001,2,35822500,75,1,89800,3,40592,Calle,2,False,,Cerezo de Arriba,False,-3.560056,,0,2,Segovia,4,1,0,0.48532799706876,20117,https://www.idealista.com/101689603,,101689603,96,342,122,40054,165,13/09/2023,0,1,2,False,M,Calleja del Monje,0,13/09/2023,False,https://www.idealista.com/data/app/cid/MG1zeVRhbkc2Zm9TWUt3U0JvOUpDUT09,736.07,,0-EU-ES-40-03-003-054
12/12/2023,1,,0,40.8780702,,1,,2802101001,2,37410956,0,1,173000,3,28192,Calle,,,,El Berrueco,,-3.5942058,,2,7,Madrid,4,,0,0.28439472208,20656,https://www.idealista.com/103425199,,103425199,51,492,195,28021,656,01/02/2024,,1,1,,,Lanchar de Losa Morilla,,01/02/2024,,https://www.idealista.com/data/app/cid/elRUWFMwRmhtN2QxWlVaMWtOdE9vZz09,887.18,,0-EU-ES-28-01-006-021
16/02/2023,1,,100,40.8662843,,4,,2803001001,2,34776544,100,1,220000,3,28751,Desconocida,1,,,La Cabrera,,-3.6125443,,7,149,Madrid,3,1,0,0.22007717424125,22658,https://www.idealista.com/100515781,,100515781,0,4268,152,28030,2548,16/02/2023,2008,1,3,False,,Zarza,,09/01/2024,,https://www.idealista.com/data/app/cid/cnlscEs4aGQ0aEJZWHRZYkQyRjJhZz09,1447.37,,0-EU-ES-28-01-017-030
11/01/2018,1,,100,40.8633024,,4,,2803001001,3,21231489,100,1,350000,3,28751,,1,True,,La Cabrera,True,-3.6138064,,9,144,Madrid,3,1,4,0.22007717424125,22789,https://www.idealista.com/39271752,,39271752,1776,6107,222,28030,2548,23/11/2022,1930,1,4,False,V,,103,28/01/2024,False,https://www.idealista.com/data/app/cid/QU1lTHB2OXhuQVBiZWkwcGZTUWFwUT09,1576.58,,0-EU-ES-28-01-017-030
18/01/2024,1,,,40.8648292,,2,,2803001001,2,103722064,,1,145000,3,28751,Desconocida,1,,,La Cabrera,,-3.6144052,,4,15,Madrid,3,1,0,0.22007717424125,22998,https://www.idealista.com/103722064,,103722064,1,409,121,28030,2548,19/01/2024,,1,2,False,,matas,,26/01/2024,,https://www.idealista.com/data/app/cid/M1FieThqcEh6RjMyOU1ZTVlmR2x2dz09,1198.35,,0-EU-ES-28-01-017-030
20/11/2022,1,,100,41.2752219,,2,0096601VL6609N0006HG,4017001001,1,33972257,75,1,95500,3,40500,Calle,3,True,0096601VL6609N,Riaza,False,-3.4791778,,11,22,Segovia,4,1,1,2.193113308235,24388,https://www.idealista.com/99607932,,99607932,404,1432,113,40170,3582,30/12/2023,2000,1,1,True,V,Val Bajo,59,30/12/2023,False,https://www.idealista.com/data/app/cid/eHp6cDhaNUI2bTFlcDdCbDNDS3I0UT09,845.13,47,0-EU-ES-40-05-001-170
01/06/2010,1,,56,41.2746121,,3,0395105VL6609N0071QD,4017001001,1,1737852,100,1,95000,3,40500,Calle,3,False,0395105VL6609N,Riaza,True,-3.4748115,,38,150,Segovia,3,1,1,2.193113308235,24388,https://www.idealista.com/1799384,,1799384,3414,10427,100,40170,3582,06/10/2019,2003,1,2,True,V,Santiago Apostol,73,31/01/2024,True,https://www.idealista.com/data/app/cid/a2MrcTVmUkJGM0FFTTdMWmRaU0dGUT09,950,26,0-EU-ES-40-05-001-170
13/09/2023,1,,,41.2748393,,3,,4017001001,2,102533425,,1,159000,3,40500,Desconocida,1,True,,Riaza,True,-3.4762243,,5,55,Segovia,3,1,1,2.193113308235,24389,https://www.idealista.com/102533425,,102533425,142,1585,105,40170,3582,,,1,2,True,,SANTIAGO APOSTOL,,16/01/2024,True,https://www.idealista.com/data/app/cid/UForUTNSc2dsMEFPenQxSFI3S25RUT09,1514.29,,0-EU-ES-40-05-001-170
13/04/2016,1,,95,41.27667,,3,9299617VL5699N0065FA,4017001001,1,20969957,70,1,159000,3,40500,Calle,bj,True,9299617VL5699N,Riaza,False,-3.48865,,24,82,Segovia,3,2,0,2.193113308235,24420,https://www.idealista.com/33023568,,33023568,2850,4999,107,40170,3582,,2006,1,2,True,V,emilia de pablo gonzalez,99,22/01/2024,True,https://www.idealista.com/data/app/cid/c1JYMGZ5bTJlalk0U0VEMlZRNkltdz09,1485.98,3,0-EU-ES-40-05-001-170
22/02/2023,1,,88,40.8443019,,2,,1929301001,3,34839515,88,1,67500,3,19187,,bj,True,,Uceda,False,-3.4639322,,1,1,Guadalajara,3,1,0,0.46343460566429,24454,https://www.idealista.com/100586663,,100586663,344,35,100,19293,2655,,1996,1,2,False,,,,29/01/2024,False,https://www.idealista.com/data/app/cid/bklkV20raTZCeGlpVjhVU3d2SExydz09,675,,0-EU-ES-19-03-011-293
04/07/2022,1,,83,40.8448727,,2,,1929301001,1,32643806,83,1,69000,3,19187,Camino,2,True,0918627VL6201N,Uceda,True,-3.4651994,,35,196,Guadalajara,4,2,0,0.46343460566429,24462,https://www.idealista.com/98166587,,98166587,564,2662,100,19293,2655,20/01/2024,1996,1,2,True,,los Rubiales,,20/01/2024,,https://www.idealista.com/data/app/cid/dE9rU0Rld3YvdWN5OGNQK1F3S0FOQT09,690,25,0-EU-ES-19-03-011-293
10/05/2019,1,,95,41.2772005,,3,,4017001001,1,21900153,100,1,160000,3,40500,Calle,bj,True,9299617VL5699N,Riaza,True,-3.48793,,16,57,Segovia,3,1,0,2.193113308235,24487,https://www.idealista.com/85382389,,85382389,1728,3069,110,40170,3582,,2006,1,2,True,,Emilia de Pablo Gonzalez,,01/01/2024,True,https://www.idealista.com/data/app/cid/WGtaUTZPQVN5Zll4YXkrVDFCSjBRQT09,1454.55,3,0-EU-ES-40-05-001-170
01/08/2023,1,,100,41.2780425,,3,,4017001001,3,36282743,100,1,156000,3,40500,,,False,,Riaza,False,-3.478965,,0,6,Segovia,4,,0,2.193113308235,24571,https://www.idealista.com/102193127,,102193127,15,221,105,40170,3582,17/08/2023,1998,1,1,False,,,,17/08/2023,False,https://www.idealista.com/data/app/cid/ZFRZZmVCeUxScmgzb2JiWTBoWGliUT09,1485.71,,0-EU-ES-40-05-001-170
21/10/2023,1,,100,41.2753559,,3,,4017001001,3,36956243,100,1,156000,3,40500,,,False,,Riaza,False,-3.4801775,,0,3,Segovia,4,,0,2.193113308235,24571,https://www.idealista.com/102928808,,102928808,19,213,105,40170,3582,10/11/2023,1998,1,1,False,,,,10/11/2023,False,https://www.idealista.com/data/app/cid/Vm8xNnAwR29Kb1B2NnFXZDFtQnorZz09,1485.71,,0-EU-ES-40-05-001-170
11/11/2023,1,,100,41.2782823,,3,,4017001001,3,37151698,100,1,149000,3,40500,,,False,,Riaza,False,-3.4810384,,0,7,Segovia,3,,0,2.193113308235,24571,https://www.idealista.com/103142054,,103142054,83,563,105,40170,3582,,1998,1,1,False,,,,20/12/2023,False,https://www.idealista.com/data/app/cid/aXpPREM5aklPSjJDeWE2MGZtMjBYQT09,1419.05,,0-EU-ES-40-05-001-170
18/02/2021,1,,100,41.277002,,3,,4017001001,1,27631397,100,1,149900,3,40500,Calle,2,False,0098105VL6609N,Riaza,False,-3.4789312,,5,23,Segovia,3,1,2,2.193113308235,24586,https://www.idealista.com/92912553,,92912553,884,1685,120,40170,3582,23/07/2023,1993,1,1,False,,Val Alto,,04/01/2024,False,https://www.idealista.com/data/app/cid/am80eDZUT2N4d0dKVjVKeU5ZbFRQdz09,1249.17,7,0-EU-ES-40-05-001-170
21/10/2020,1,,0,41.2759222,,2,,4017001001,2,26255022,0,1,131900,3,40500,Desconocida,bj,True,,Riaza,,-3.4754218,,1,19,Segovia,3,1,0,2.193113308235,24590,https://www.idealista.com/91468983,,91468983,1199,2571,100,40170,3582,,,1,2,False,,Val Bajo,,21/10/2020,,https://www.idealista.com/data/app/cid/R1pmclVoM0UyUnJNSmNFbUhsRHlndz09,1319,,0-EU-ES-40-05-001-170
28/04/2022,1,,100,40.8421699,,2,,1929301001,2,31353741,100,1,125000,3,19187,Calle,bj,,,Uceda,True,-3.463778,,7,54,Guadalajara,3,1,0,0.46343460566429,24613,https://www.idealista.com/96800475,,96800475,557,2440,115,19293,2655,07/11/2023,2007,1,1,False,,Norte,,04/12/2023,False,https://www.idealista.com/data/app/cid/QURsV21rTW1sZGFRZ2lsYW1IMUk5Zz09,1086.96,,0-EU-ES-19-03-011-293
29/09/2022,1,,100,41.2789307,,2,,4017001001,3,33404987,75,1,80100,3,40500,,bj,True,,Riaza,False,-3.4760006,,2,36,Segovia,3,1,1,2.193113308235,24624,https://www.idealista.com/98988826,,98988826,490,1453,112,40170,3582,,2007,1,2,True,V,,112,25/01/2024,False,https://www.idealista.com/data/app/cid/VnVVdDh3VGorR25Ka2pzZTVFa2tzUT09,715.18,,0-EU-ES-40-05-001-170
26/10/2023,1,,0,41.2773759,,2,,4017001001,1,37006715,0,1,119000,3,40500,Desconocida,3,False,,Riaza,False,-3.478872,,4,6,Segovia,3,1,0,2.193113308235,24628,https://www.idealista.com/102982858,,102982858,98,551,170,40170,3582,,,1,1,False,,Segovia,,21/01/2024,False,https://www.idealista.com/data/app/cid/b21Pc3dPazQ2endqUkhtVW1QY28yQT09,700,10,0-EU-ES-40-05-001-170
11/08/2009,1,,90,41.2771257,,3,,4017001001,1,20825593,100,1,150000,3,40500,Calle,en,True,9299607VL5699N,Riaza,True,-3.4768564,,18,81,Segovia,3,1,14,2.193113308235,24631,https://www.idealista.com/1728850,,1728850,5288,8405,100,40170,3582,,2003,1,2,True,,Eugenio Hernanz Gómez,,14/01/2024,True,https://www.idealista.com/data/app/cid/dU9BMXp1Y1QzRUR6emc0cHZCQzdWdz09,1500,8,0-EU-ES-40-05-001-170
23/06/2023,2,,100,41.0617039,4,3,,2807101001,2,35950250,75,1,105000,3,28191,Calle,,False,,Horcajuelo de la Sierra,True,-3.5442677,,118,1169,Madrid,4,,20,0.24044692419375,1278,https://www.idealista.com/101830561,,101830561,146,21259,148,28071,85,16/11/2023,1980,1,2,,V,Palomar,178,16/11/2023,False,https://www.idealista.com/data/app/cid/dEZlSVVZdzM1ME5lcVdOQTdDa0xiUT09,709.46,,0-EU-ES-28-01-006-071
30/10/2023,2,,,41.0460377,3,3,,2811701001,3,103011144,,1,154000,3,28191,,bj,,,Prádena del Rincón,False,-3.5430755,,9,109,Madrid,3,,3,0.22257177936125,1923,https://www.idealista.com/103011144,,103011144,66,3320,122,28117,132,04/01/2024,,1,3,,,,,18/01/2024,False,https://www.idealista.com/data/app/cid/ZVpFejExM0pRZGxUcFNHS0V4dGYrdz09,1262.3,,0-EU-ES-28-01-006-117
21/11/2023,2,,100,41.0669977,4,3,,2807001001,2,37239429,75,1,239000,2,28755,Desconocida,,,,Horcajo de la Sierra,True,-3.58451,,2,47,Madrid,3,,0,0.20382496521875,4703,https://www.idealista.com/103239652,,103239652,73,1453,211,28070,173,,1977,1,1,,V,Mayor,211,21/11/2023,,https://www.idealista.com/data/app/cid/bXZRVHFnUURFRDdoWnpxajVNMkZpZz09,1132.7,,0-EU-ES-28-01-006-070
01/01/2023,2,,100,41.066232,2,2,0865315VL5406N0002JU,2807001001,1,34357639,75,1,190000,3,28755,Calle,,False,0865315VL5406N,Horcajo de la Sierra,True,-3.5862152,,25,259,Madrid,4,,3,0.20382496521875,4749,https://www.idealista.com/100034953,,100034953,264,6069,120,28070,173,23/09/2023,2008,1,3,,V,del Gato,68,23/09/2023,False,https://www.idealista.com/data/app/cid/VzRxRjEwQ241ZmQ0bGhHaHdhN0VTdz09,1583.33,8,0-EU-ES-28-01-006-070
16/03/2023,2,,0,41.0542073,4,4,,2807001001,3,35047188,0,1,174000,3,28755,,,True,,Horcajo de la Sierra,False,-3.5978065,,40,591,Madrid,4,,10,0.20382496521875,5801,https://www.idealista.com/100820511,,100820511,151,9108,120,28070,173,14/08/2023,,1,1,,,,,14/08/2023,False,https://www.idealista.com/data/app/cid/T1R1MWIzcG9YaGpHWmYyV1JmZ3FMUT09,1450,,0-EU-ES-28-01-006-070
08/09/2023,2,,0,41.03247,4,5,,2811401001,1,36564245,0,1,300000,3,28737,Calle,,True,,Piñuécar,True,-3.59922,,9,63,Madrid,3,,2,0.18009043665375,6502,https://www.idealista.com/102500174,,102500174,146,1849,200,28114,176,,,1,4,,,el Cura,,21/12/2023,False,https://www.idealista.com/data/app/cid/T2daTDEzN005TG9KUWdWaG1CWENkZz09,1500,6,0-EU-ES-28-01-006-114
24/04/2023,2,,0,41.0759784,2,2,,2806901001,3,35384761,0,1,135000,3,28191,,bj,True,,La Hiruela,True,-3.4563199,,6,103,Madrid,3,,3,0.17337961493375,6587,https://www.idealista.com/101196362,,101196362,284,6384,128,28069,56,,,1,2,,,,,01/02/2024,False,https://www.idealista.com/data/app/cid/ZGVyWm0zRFRNNlo2N2lnT2JMWlQxUT09,1054.69,,0-EU-ES-28-01-006-069
17/10/2023,2,,100,41.0755214,4,3,,2806901001,3,36907287,75,1,171000,2,28191,,,,,La Hiruela,False,-3.4551484,,6,109,Madrid,3,,1,0.17337961493375,6627,https://www.idealista.com/102875166,,102875166,108,3588,210,28069,56,,1900,1,3,,G,,190,09/01/2024,False,https://www.idealista.com/data/app/cid/aGI3YXdvZDh1N2RTa21nN1d3T2wzUT09,814.29,,0-EU-ES-28-01-006-069
10/09/2023,2,,85,41.0702712,4,4,,2811401001,3,36569668,75,1,179000,3,28755,,,True,,Piñuécar,True,-3.61003,,29,367,Madrid,3,,1,0.18009043665375,6849,https://www.idealista.com/102505932,,102505932,144,6179,180,28114,176,,,1,1,,,,,01/01/2024,,https://www.idealista.com/data/app/cid/b0dsNGlxWnZNRzJsUTNUc3BlNEZJQT09,994.44,,0-EU-ES-28-01-006-114
03/05/2023,2,,100,41.1072263,4,7,,2812601001,2,35465052,75,1,150000,3,28755,Calle,,,,Robregordo,True,-3.595105,,4,37,Madrid,3,,0,0.18033267287874,7392,https://www.idealista.com/101289008,,101289008,0,3319,200,28126,53,03/05/2023,1950,1,2,,V,Jardines,200,01/01/2024,,https://www.idealista.com/data/app/cid/Rmw4Vyt1MFB5S2tyc0Q5U0JxZ2lEZz09,750,,0-EU-ES-28-01-006-126
26/10/2023,2,,100,41.107071,4,2,0310301VL5501S0001PE,2812601001,1,37006202,75,1,135000,3,28755,Calle,,False,0310301VL5501S,Robregordo,True,-3.592891,,3,44,Madrid,4,,0,0.18033267287874,7464,https://www.idealista.com/102982335,,102982335,21,757,130,28126,53,16/11/2023,2012,1,2,,V,del Real,110,16/11/2023,False,https://www.idealista.com/data/app/cid/dTNyWXJmMGQ3c3dEL3NTaFVoVkRrUT09,1038.46,74,0-EU-ES-28-01-006-126
16/11/2023,2,,100,41.1069009,2,2,,2812601001,3,37204070,75,1,135000,3,28755,,,,,Robregordo,True,-3.5951587,,7,50,Madrid,4,,1,0.18033267287874,7472,https://www.idealista.com/103199304,,103199304,28,1294,130,28126,53,15/12/2023,2012,1,2,,V,,110,15/12/2023,,https://www.idealista.com/data/app/cid/aHFQUUR1WUpOY2cvVEo3REEzSXI1Zz09,1038.46,,0-EU-ES-28-01-006-126
15/12/2022,2,,100,41.1070169,0,4,0310810VL5501S0001GE,2812601001,1,34259600,75,1,89500,3,28755,Calle,bj,,0310810VL5501S,Robregordo,False,-3.5935106,,9,108,Madrid,3,,0,0.18033267287874,7496,https://www.idealista.com/99922959,,99922959,413,2856,136,28126,53,,0,1,1,,M,de la Iglesia,0,20/09/2023,False,https://www.idealista.com/data/app/cid/M2g1YW9lRFZSb3d1N2Eya3gvM1Erdz09,658.09,4,0-EU-ES-28-01-006-126
15/06/2023,2,,0,41.0759009,4,4,,2800101001,1,35873096,0,1,179000,3,28755,Desconocida,,True,,La Acebeda,True,-3.618081,,48,420,Madrid,4,,10,0.21750053780876,7585,https://www.idealista.com/101745677,,101745677,95,5515,195,28001,70,18/09/2023,,1,1,,,M-978,,18/09/2023,False,https://www.idealista.com/data/app/cid/YmdnM0xXa0k0UG15ODdwdk05LzMxUT09,917.95,2,0-EU-ES-28-01-006-001
31/07/2023,2,,100,41.0847152,4,2,,2800101001,3,36274020,75,1,156000,2,28755,,,,,La Acebeda,False,-3.6226515,,1,35,Madrid,4,,0,0.21750053780876,8410,https://www.idealista.com/102183768,,102183768,120,1201,134,28001,70,28/11/2023,2012,1,1,,V,,142,28/11/2023,False,https://www.idealista.com/data/app/cid/c3pkc3RTNmorQkRHUlRwdEt0SXVrUT09,1164.18,,0-EU-ES-28-01-006-001
11/04/2023,2,,0,41.0875143,4,5,,2800101001,3,35266241,0,1,159000,3,28755,,,True,,La Acebeda,True,-3.6224115,,34,492,Madrid,4,,3,0.21750053780876,8427,https://www.idealista.com/101063491,,101063491,196,10213,140,28001,70,24/10/2023,,1,2,,,,,24/10/2023,False,https://www.idealista.com/data/app/cid/WGp6QUViNi9Uc2Y5TlRTY3lLY3h0QT09,1135.71,,0-EU-ES-28-01-006-001
20/08/2023,2,,100,41.0308768,4,3,7626708VL4472N0001FM,2813801001,1,36405209,75,1,120000,3,28737,Desconocida,,False,7626708VL4472N,La Serna del Monte,True,-3.624817,,12,92,Madrid,4,,4,0.053280491683749,8531,https://www.idealista.com/102327462,,102327462,105,2993,140,28138,90,03/12/2023,1990,1,2,,V,peligros,120,03/12/2023,False,https://www.idealista.com/data/app/cid/YmNNNnRJYXNqa2RNTHh6anpvVndRQT09,857.14,11,0-EU-ES-28-01-006-138
28/05/2023,2,,100,41.0295817,4,3,,2813801001,2,35652962,75,1,120000,3,28737,Desconocida,,,,La Serna del Monte,True,-3.623124,,3,83,Madrid,4,,2,0.053280491683749,8531,https://www.idealista.com/101502830,,101502830,81,3549,120,28138,90,17/08/2023,1990,1,2,,V,Peligros,120,17/08/2023,,https://www.idealista.com/data/app/cid/QUhid3V5aXhOamdmWmpVYW40anJwdz09,1000,,0-EU-ES-28-01-006-138
29/11/2023,2,,100,41.0323433,2,4,,2813801001,2,37234983,75,1,95000,2,28737,Calle,,True,,La Serna del Monte,True,-3.6244751,,2,55,Madrid,3,,0,0.053280491683749,8547,https://www.idealista.com/103233928,,103233928,64,2786,128,28138,90,,1900,1,1,,V,de las Huertas,128,01/01/2024,False,https://www.idealista.com/data/app/cid/Nndvd2x6U0QwNVJkWmM2MmFORkpIdz09,742.19,,0-EU-ES-28-01-006-138
07/12/2022,2,,100,41.0310452,4,4,7626719VL4472N0001JM,2813801001,1,34196922,75,1,115000,3,28737,Calle,,True,7626719VL4472N,La Serna del Monte,True,-3.6251068,,,0,Madrid,4,,0,0.053280491683749,8547,https://www.idealista.com/99852887,,99852887,316,,128,28138,90,19/10/2023,1900,1,2,,V,de las Huertas,128,19/10/2023,False,https://www.idealista.com/data/app/cid/L0Nxb20xNlplVi9OclBaTjI2eEFUdz09,898.44,12,0-EU-ES-28-01-006-138
07/12/2022,2,,100,41.0310452,4,4,7626719VL4472N0001JM,2813801001,1,34195513,75,1,115000,3,28737,Calle,,True,7626719VL4472N,La Serna del Monte,True,-3.6251068,,13,162,Madrid,4,,3,0.053280491683749,8547,https://www.idealista.com/99851401,,99851401,316,6957,128,28138,90,19/10/2023,1900,1,2,,V,de las Huertas,128,19/10/2023,False,https://www.idealista.com/data/app/cid/SWoxM29MSlE2SFFCZnRGMjdlWi9SZz09,898.44,12,0-EU-ES-28-01-006-138
02/08/2023,2,,0,41.0134134,4,4,,2811801001,1,36299353,0,1,273000,3,28190,Calle,,True,,Puebla de la Sierra,True,-3.4469884,,8,294,Madrid,4,,5,0.57114247488499,8653,https://www.idealista.com/102210776,,102210776,130,4667,160,28118,89,11/12/2023,,1,3,,,de la Casa Caída,,11/12/2023,False,https://www.idealista.com/data/app/cid/cUFyeStueVludFlGMFhTdW5KNFFGUT09,1706.25,630,0-EU-ES-28-01-006-118
02/08/2023,2,,0,41.0134134,4,4,,2811801001,1,36300274,0,1,273000,3,28190,Calle,,False,,Puebla de la Sierra,True,-3.4469884,,,0,Madrid,4,,0,0.57114247488499,8653,https://www.idealista.com/102211731,,102211731,130,,160,28118,89,11/12/2023,,1,3,,,de la Casa Caída,,11/12/2023,False,https://www.idealista.com/data/app/cid/MFdTN0swS0YrRzZKcTZmd1lTbUh3Zz09,1706.25,630,0-EU-ES-28-01-006-118
03/06/2014,2,,83,41.0092601,3,2,2606452VL6420N0001DH,2811801001,1,20876905,100,1,275000,3,28190,Calle,,False,2606452VL6420N,Puebla de la Sierra,True,-3.4445975,,58,636,Madrid,4,,23,0.57114247488499,9091,https://www.idealista.com/28176938,,28176938,3347,26352,180,28118,89,02/08/2023,2008,1,2,,V,los Lomos,146,02/08/2023,False,https://www.idealista.com/data/app/cid/eVBTc2J5eEpqMTB5c3ZsTEFoOURqZz09,1527.78,1,0-EU-ES-28-01-006-118
23/05/2021,2,,0,41.1341027,3,3,,2814301001,2,28837132,0,1,165000,3,28756,Desconocida,,,,Somosierra,,-3.5809103,,103,1217,Madrid,4,,19,0.20201528846625,9285,https://www.idealista.com/94168500,,94168500,897,32418,110,28143,77,07/11/2023,,1,2,,,REAL,,07/11/2023,,https://www.idealista.com/data/app/cid/QnlvRTZxeURVVmxNUTluaXN6OHlwUT09,1500,,0-EU-ES-28-01-006-143
22/09/2022,2,,100,40.9752834,4,4,6363509VL5366S0001DP,2802001001,1,33335622,75,1,330000,3,28194,Calle,,True,6363509VL5366S,Berzosa del Lozoya,True,-3.5196997,,56,1052,Madrid,4,,20,0.14166074994751,9384,https://www.idealista.com/98912853,,98912853,365,17877,220,28020,184,22/09/2023,2003,1,3,,V,BALCON,240,22/09/2023,,https://www.idealista.com/data/app/cid/eFFVOVdYNUdaaHFteDNNSy9vNGJpQT09,1500,12,0-EU-ES-28-01-006-020
02/08/2023,2,,100,40.9742684,4,4,,2802001001,2,36300532,75,1,280000,3,28194,Desconocida,,True,,Berzosa del Lozoya,True,-3.52152,,2,81,Madrid,4,,1,0.14166074994751,9386,https://www.idealista.com/102212003,,102212003,95,1878,210,28020,184,05/11/2023,2003,1,3,,V,balcon,190,05/11/2023,,https://www.idealista.com/data/app/cid/NTNHWTZOeDBJSk91TXpOMVg4Tks1UT09,1333.33,,0-EU-ES-28-01-006-020
16/11/2022,2,,100,41.0392437,4,3,,2802401001,1,33940870,100,1,230000,3,28737,Calle,,True,6035607VL4463N,Braojos,False,-3.6432726,,22,135,Madrid,4,,1,0.24714208640375,9730,https://www.idealista.com/99573423,,99573423,386,3619,162,28024,201,08/12/2023,1980,1,2,,,de Cantarranas,,08/12/2023,False,https://www.idealista.com/data/app/cid/VGh0SzltN3FldUhjRHFyVHJJOU50Zz09,1419.75,2,0-EU-ES-28-01-006-024
18/12/2023,2,,100,41.0182682,3,5,,2806401001,1,37452948,100,1,298000,3,28737,Desconocida,,True,6212001VL4461S,Gascones,True,-3.6417313,,0,2,Madrid,3,,0,0.19491840356625,10398,https://www.idealista.com/103471176,,103471176,46,675,190,28064,179,,1988,1,2,,,Carretera,,28/01/2024,False,https://www.idealista.com/data/app/cid/eXFBaDlCOE5YSmdIaDlDTHkzQi9uQT09,1568.42,4,0-EU-ES-28-01-006-064
08/12/2022,2,,0,40.999008,4,5,,2802701001,3,34205618,0,1,194000,3,28730,,,,,Buitrago del Lozoya,False,-3.6382676,,135,1314,Madrid,3,,14,0.26207812837376,11284,https://www.idealista.com/99862430,,99862430,420,25030,220,28027,1911,,,1,2,,,,,01/02/2024,False,https://www.idealista.com/data/app/cid/L1RiUDNDQW1ZcmpVTUJKa0gxWm1YQT09,881.82,,0-EU-ES-28-01-006-027
