ad_activationdate,ad_typology,newdevelopment_averageprice,address_certainty,ad_latitude,ad_subtypology,ad_roomnumber,property_cadastralreference,censustract_id,ad_addressvisible,id,cadastral_certainty,ad_operation,ad_price,ad_builttype,ad_postalcode,ad_streettype,ad_floornumber,ad_hasparkingspace,estate_cadastralroot,ad_town,ad_hasboxroom,ad_longitude,newdevelopment_commercialname,adstats_contactsbyemail,adstats_savedasfavorite,ad_province,ad_state,ad_flatlocation,adstats_sendtofriend,layerlocation_area,distance,ad_urlactive,newdevelopment_fromprice,ad_id,adstats_daysonmarket,adstats_visits,ad_area,censustract_town_id,layerlocation_population,ad_deactivationdate,property_builtdate,ad_propertytype,ad_bathnumber,ad_haslift,property_use,ad_streetname,property_area,ad_modificationdate,ad_hasswimmingpool,ad_urlinactive,ad_unitprice,ad_streetnumber,ad_layerlocation
15/04/2013,1,,46,40.8244222,,3,,2809401001,1,20853576,0,1,190000,3,28729,Calle,bj,True,,Navalafuente,False,-3.6731624,,25,98,Madrid,3,1,2,0.11829037751,35,https://www.idealista.com/26099603,,26099603,2959,5704,140,28094,1163,23/05/2021,,1,3,False,,San Roque,,15/01/2024,True,https://www.idealista.com/data/app/cid/Zk5lTW9aaWhXMWtaeFU2SlM4aDlNUT09,1357.14,10,0-EU-ES-28-01-017-094
06/06/2022,1,,53,40.8235959,,3,3396109VL4139N0001OL,2809401001,1,32363874,75,1,296000,3,28729,Travesía,1,False,3396109VL4139N,Navalafuente,True,-3.6737429,,22,16,Madrid,4,1,0,0.11829037751,101,https://www.idealista.com/97871531,,97871531,505,1609,140,28094,1163,24/10/2023,1990,1,2,False,V,de Rivero,174,24/10/2023,True,https://www.idealista.com/data/app/cid/c2xuUTIvRDhiT2NsT3ZvTTFPTHE4dz09,2114.29,2,0-EU-ES-28-01-017-094
05/07/2023,2,,100,40.82616,3,4,,2809401001,2,36066068,75,1,208900,3,28729,Desconocida,,True,,Navalafuente,,-3.6711244,,7,127,Madrid,4,,1,0.11829037751,53,https://www.idealista.com/101956846,,101956846,52,1911,140,28094,1163,27/08/2023,1999,1,3,,V,San Roque,142,27/08/2023,True,https://www.idealista.com/data/app/cid/V1ZrbkYzT0lFNG1SL0hqWCtWbmhZdz09,1492.14,,0-EU-ES-28-01-017-094
16/09/2021,2,,92,40.8239797,2,4,3396109VL4139N0001OL,2809401001,1,29913434,75,1,230000,3,28729,Desconocida,bj,True,3396109VL4139N,Navalafuente,True,-3.673675,,10,92,Madrid,3,,1,0.11829037751,58,https://www.idealista.com/95297076,,95297076,868,4820,156,28094,1163,,1990,1,3,,V,Rivero,174,20/11/2023,,https://www.idealista.com/data/app/cid/Skc0ZHU3cUkzT2FUOUVMd2dsV0h1UT09,1474.36,2,0-EU-ES-28-01-017-094
13/11/2023,2,,100,40.8224282,3,4,,2809401001,2,37168473,100,1,259500,3,28729,Desconocida,,True,,Navalafuente,True,-3.6734713,,10,57,Madrid,3,,1,0.11829037751,167,https://www.idealista.com/103160027,,103160027,80,1588,166,28094,1163,,2002,1,2,,,real,,12/01/2024,,https://www.idealista.com/data/app/cid/UXZ6dWVwWjJiVWRINm5nV2NOakczZz09,1563.25,,0-EU-ES-28-01-017-094
15/01/2024,2,,100,40.823348,3,3,,2809401001,3,37644004,100,1,227000,3,28729,,,True,,Navalafuente,False,-3.6757957,,16,50,Madrid,3,,0,0.11829037751,250,https://www.idealista.com/103678673,,103678673,0,884,144,28094,1163,15/01/2024,2006,1,3,,,,,02/02/2024,False,https://www.idealista.com/data/app/cid/VjJyNDJEalFpTGRXajZpclp4N2dXZz09,1576.39,,0-EU-ES-28-01-017-094
10/02/2015,2,,100,40.8233437,3,3,,2809401001,1,6908413,100,1,150000,3,28729,Calle,,False,30963A4VL4139N,Navalafuente,True,-3.6763913,,18,153,Madrid,4,,2,0.11829037751,269,https://www.idealista.com/29559418,,29559418,3195,4180,132,28094,1163,11/11/2023,2007,1,2,,,del Corralón,,11/11/2023,False,https://www.idealista.com/data/app/cid/SzJseTI4dFgrd3ZIeS9QdHdYSGNpdz09,1136.36,2,0-EU-ES-28-01-017-094
18/04/2006,2,,100,40.8207716,4,3,4792011VL4149S0001EI,2809401001,1,20820833,100,1,449000,3,28729,Calle,,True,4792011VL4149S,Navalafuente,False,-3.6739935,,79,111,Madrid,4,,6,0.11829037751,416,https://www.idealista.com/1594239,,1594239,6403,15118,300,28094,1163,29/10/2023,1986,1,3,,V,Sauce,291,29/10/2023,True,https://www.idealista.com/data/app/cid/NnZ5TWRRODdlNlo5WHhXS3YxMmx5Zz09,1496.67,25,0-EU-ES-28-01-017-094
23/08/2023,2,,86,40.8235108,3,3,3096385VL4139N0001EL,2809401001,1,36429768,75,1,229000,3,28729,Calle,,True,3096385VL4139N,Navalafuente,True,-3.6787547,,57,407,Madrid,3,,5,0.11829037751,449,https://www.idealista.com/102354289,,102354289,162,6680,130,28094,1163,,2007,1,2,,V,del Corralillo,137,16/10/2023,,https://www.idealista.com/data/app/cid/KzRMaEFrTkp1OGlkRGpKY25TQXhWUT09,1761.54,18,0-EU-ES-28-01-017-094
17/10/2023,2,,100,40.821846,2,3,,2809401001,2,36915991,75,1,200000,3,28729,Calle,,True,,Navalafuente,False,-3.6771609,,36,270,Madrid,4,,3,0.11829037751,482,https://www.idealista.com/102884298,,102884298,100,4265,126,28094,1163,26/01/2024,1996,1,2,,V,Eras de Arriba,126,26/01/2024,True,https://www.idealista.com/data/app/cid/emgwRTZzSVc2bzRvRGo1UXdaMXE4QT09,1587.3,,0-EU-ES-28-01-017-094
20/11/2023,2,,0,40.8197503,3,4,,2809401001,2,37235860,0,1,325000,3,28729,Calle,,,,Navalafuente,True,-3.6770864,,2,19,Madrid,3,,0,0.11829037751,483,https://www.idealista.com/103234841,,103234841,73,708,211,28094,1163,,,1,3,,,Eras de Abajo,,02/01/2024,,https://www.idealista.com/data/app/cid/UzJOOFZsM2JqQzVIdTNUSHlsUm5uQT09,1540.28,,0-EU-ES-28-01-017-094
16/09/2022,2,,0,40.8215695,4,4,,2809401001,2,33266225,0,1,399000,3,28729,Desconocida,,True,,Navalafuente,True,-3.6768328,,12,321,Madrid,3,,5,0.11829037751,576,https://www.idealista.com/98838039,,98838039,503,6589,200,28094,1163,,,1,2,,,M-625,,17/11/2023,True,https://www.idealista.com/data/app/cid/NkdadU9Bc1ZWVWhEdkNLUG5nZ1JlQT09,1995,,0-EU-ES-28-01-017-094
20/06/2023,2,,0,40.8188739,4,3,,2809401001,1,35915597,0,1,302485,1,28729,Calle,,True,,Navalafuente,True,-3.6719301,,19,245,Madrid,4,,4,0.11829037751,640,https://www.idealista.com/101792009,,101792009,225,5041,140,28094,1163,01/02/2024,,2,2,,,"Silva, 1-B",,01/02/2024,False,https://www.idealista.com/data/app/cid/akZrRXRDbUZhVW9lanNsTFdoZGtJUT09,2160.61,0,0-EU-ES-28-01-017-094
02/02/2024,2,,,40.8200949,4,3,,2809401001,2,103883022,,1,302485,3,28729,Desconocida,,False,,Navalafuente,,-3.6733067,,,0,Madrid,3,,0,0.11829037751,640,https://www.idealista.com/103883022,,103883022,0,,140,28094,1163,,,1,2,,,silva,,02/02/2024,False,https://www.idealista.com/data/app/cid/bE9ZdDRSeWtVbU9lTWFna2U2Z1A0UT09,2160.61,,0-EU-ES-28-01-017-094
01/02/2024,2,,,40.8181813,4,1,,2809401001,1,103865341,,1,420000,3,28729,Calle,,True,,Navalafuente,True,-3.6748249,,0,0,Madrid,4,,0,0.11829037751,710,https://www.idealista.com/103865341,,103865341,0,14,256,28094,1163,01/02/2024,,1,1,,,sendero vedado,,01/02/2024,True,https://www.idealista.com/data/app/cid/OWdKclBicWVnRExTcndhYWxDZE5KUT09,1640.63,4,0-EU-ES-28-01-017-094
19/06/2022,2,,95,40.8182026,4,4,,2809401001,1,32496355,95,1,395000,3,28729,Calle,,True,3289807VL4138N,Navalafuente,True,-3.6750401,,28,204,Madrid,3,,4,0.11829037751,711,https://www.idealista.com/98011371,,98011371,93,3616,195,28094,1163,20/09/2022,2007,1,3,,,Sendero del Vedado,,29/01/2024,True,https://www.idealista.com/data/app/cid/d25CNFhzc3laWlRQRXM4Ym9wTlBrdz09,2025.64,2,0-EU-ES-28-01-017-094
31/01/2024,2,,,40.817939,2,4,,2809401001,1,103856653,,1,265000,3,28729,Calle,,True,,Navalafuente,,-3.6756165,,0,20,Madrid,3,,0,0.11829037751,749,https://www.idealista.com/103856653,,103856653,1,471,165,28094,1163,,,1,4,,,Real,,31/01/2024,True,https://www.idealista.com/data/app/cid/Qy9jQTV3WG9EUmVhbEliRkE4allpZz09,1606.06,34,0-EU-ES-28-01-017-094
03/08/2023,2,,0,40.8175611,4,3,,2809401001,1,36311775,0,1,230000,2,28729,Calle,,True,,Navalafuente,False,-3.676626,,21,192,Madrid,4,,3,0.11829037751,813,https://www.idealista.com/102223970,,102223970,143,3765,130,28094,1163,25/12/2023,,1,2,,,Lago Chico,,25/12/2023,False,https://www.idealista.com/data/app/cid/Z0xLU0swdGZTWmxDVS9HTDNUMzBDUT09,1769.23,8,0-EU-ES-28-01-017-094
05/09/2023,2,,100,40.8154266,3,5,,2809401001,2,36532625,75,1,384000,3,28729,Desconocida,,True,,Navalafuente,,-3.6754883,,3,17,Madrid,3,,0,0.11829037751,848,https://www.idealista.com/102463650,,102463650,149,971,260,28094,1163,,2001,1,3,,V,santa águeda,259,27/09/2023,,https://www.idealista.com/data/app/cid/cFVoOWhOemhCZjczMy9ZdTZPalg0QT09,1476.92,,0-EU-ES-28-01-017-094
24/06/2022,2,,100,40.8176066,4,4,,2809401001,2,32552888,75,1,350000,3,28729,Calle,,True,,Navalafuente,,-3.6752011,,6,28,Madrid,3,,0,0.11829037751,914,https://www.idealista.com/98071076,,98071076,27,3280,150,28094,1163,22/07/2022,1983,1,2,,V,Lago grande,191,24/11/2022,,https://www.idealista.com/data/app/cid/MVR3d0s2ZnhteUM0Z0lGMDdZZEpJZz09,2333.33,,0-EU-ES-28-01-017-094
09/01/2024,2,,100,40.817085,4,4,,2809401001,2,37592376,75,1,320000,3,28729,Calle,,True,,Navalafuente,True,-3.6744065,,1,26,Madrid,4,,0,0.11829037751,945,https://www.idealista.com/103622813,,103622813,22,632,236,28094,1163,31/01/2024,2000,1,3,,V,Santa Agueda,236,31/01/2024,True,https://www.idealista.com/data/app/cid/a3hZZFNSKzZ5VVRQakNLbmdIMG1Zdz09,1355.93,,0-EU-ES-28-01-017-094
05/10/2023,2,,0,40.8146497,4,3,,2809401001,2,36820172,0,1,320000,3,28729,Calle,,True,,Navalafuente,True,-3.6753983,,9,56,Madrid,4,,0,0.11829037751,947,https://www.idealista.com/102779998,,102779998,115,1485,235,28094,1163,29/01/2024,,1,3,,,santa Águeda,,29/01/2024,True,https://www.idealista.com/data/app/cid/K0tjbGZKVUF3dndnWjVuanBvQ2tXdz09,1361.7,,0-EU-ES-28-01-017-094
19/09/2023,2,,0,40.8144048,4,5,,2809401001,3,36658819,0,1,315000,3,28729,,,True,,Navalafuente,False,-3.6724239,,14,125,Madrid,3,,1,0.11829037751,947,https://www.idealista.com/102603275,,102603275,134,3010,208,28094,1163,01/02/2024,,1,3,,,,,01/02/2024,True,https://www.idealista.com/data/app/cid/NW13YlpkaE5kQVJoMk12OXZMamRlQT09,1514.42,,0-EU-ES-28-01-017-094
30/11/2023,2,,0,40.8158172,4,4,,2809401001,1,37329110,0,1,320000,3,28729,Travesía,,True,,Navalafuente,True,-3.6731408,,5,68,Madrid,3,,1,0.11829037751,966,https://www.idealista.com/103336081,,103336081,38,1380,236,28094,1163,08/01/2024,,1,3,,,de San Isidro,,10/01/2024,True,https://www.idealista.com/data/app/cid/Rk9sNy9qVUY0VFV6ZStaZUo1Y3crZz09,1355.93,0,0-EU-ES-28-01-017-094
24/10/2023,2,,100,40.8199924,3,4,,2809401001,3,36983888,75,1,240000,2,28729,,,True,,Navalafuente,True,-3.661552,,3,102,Madrid,3,,0,0.11829037751,1110,https://www.idealista.com/102957787,,102957787,100,2088,200,28094,1163,,1975,1,2,,V,,216,01/02/2024,True,https://www.idealista.com/data/app/cid/S1R6d3ppaDdVRnAxWmZDa3k0V1N6QT09,1200,,0-EU-ES-28-01-017-094
19/06/2023,2,,0,40.8186952,4,4,,2809401001,1,35907122,0,1,319000,3,28729,Desconocida,,True,,Navalafuente,True,-3.6597427,,13,223,Madrid,3,,2,0.11829037751,1330,https://www.idealista.com/101782022,,101782022,227,3922,266,28094,1163,,,1,2,,,El Chaparral,,17/08/2023,True,https://www.idealista.com/data/app/cid/cERYa0k4NE1nY056a0xJZjR1YlBFUT09,1199.25,0,0-EU-ES-28-01-017-094
15/05/2017,2,,100,40.8182829,4,4,4590506VL4149S0001AI,2809401001,1,13377206,100,1,275000,3,28729,Calle,,True,4590506VL4149S,Navalafuente,False,-3.6597503,,14,99,Madrid,4,,0,0.11829037751,1352,https://www.idealista.com/36907709,,36907709,2319,1093,250,28094,1163,20/09/2023,1975,1,4,,V,Roble,348,20/09/2023,True,https://www.idealista.com/data/app/cid/NjBQNW5XM3VaaHp1RjBwYzIrL2QrQT09,1100,1,0-EU-ES-28-01-017-094
11/04/2023,2,,0,40.821919,4,6,,2809401001,3,35272089,0,1,412000,3,28729,,,False,,Navalafuente,False,-3.6558699,,1,18,Madrid,3,,0,0.11829037751,1601,https://www.idealista.com/101069743,,101069743,1,1354,201,28094,1163,13/04/2023,,1,1,,,,,08/09/2023,True,https://www.idealista.com/data/app/cid/NmpKU3VHa0puRUpJaW5Qb041aDV0Zz09,2049.75,,0-EU-ES-28-01-017-094
24/07/2023,2,,100,40.8243476,4,3,,2809401001,1,36220790,100,1,270000,3,28729,Desconocida,,True,5096013VL4159N,Navalafuente,True,-3.6530667,,30,290,Madrid,4,,2,0.11829037751,1725,https://www.idealista.com/102126292,,102126292,28,3116,143,28094,1163,21/08/2023,2006,1,2,,,vivarones,,21/08/2023,True,https://www.idealista.com/data/app/cid/bk1mYUZtbnNtcUVpMXJ3YVBVdW1ZZz09,1888.11,38,0-EU-ES-28-01-017-094
12/08/2023,2,,100,40.8243476,4,3,,2809401001,1,36369446,100,1,275000,3,28729,Desconocida,,True,5096013VL4159N,Navalafuente,True,-3.6530667,,12,150,Madrid,4,,0,0.11829037751,1725,https://www.idealista.com/102288972,,102288972,27,1336,143,28094,1163,08/09/2023,2006,1,2,,,vivarones,,08/09/2023,True,https://www.idealista.com/data/app/cid/eGhaekM1SS8vTDFaaGhSdDhZcWt3QT09,1923.08,38,0-EU-ES-28-01-017-094
