ad_activationdate,ad_typology,newdevelopment_averageprice,address_certainty,ad_latitude,ad_subtypology,ad_roomnumber,property_cadastralreference,censustract_id,ad_addressvisible,id,cadastral_certainty,ad_operation,ad_price,ad_builttype,ad_postalcode,ad_streettype,ad_floornumber,ad_hasparkingspace,estate_cadastralroot,ad_town,ad_hasboxroom,ad_longitude,newdevelopment_commercialname,adstats_contactsbyemail,adstats_savedasfavorite,ad_province,ad_state,ad_flatlocation,adstats_sendtofriend,layerlocation_area,distance,ad_urlactive,newdevelopment_fromprice,ad_id,adstats_daysonmarket,adstats_visits,ad_area,censustract_town_id,layerlocation_population,ad_deactivationdate,property_builtdate,ad_propertytype,ad_bathnumber,ad_haslift,property_use,ad_streetname,property_area,ad_modificationdate,ad_hasswimmingpool,ad_urlinactive,ad_unitprice,ad_streetnumber,ad_layerlocation
30/01/2024,2,,,40.3684542,2,3,,2810101001,2,103850346,,1,208000,3,28515,Calle,1,True,,Olmeda de las Fuentes,True,-3.2227717,,0,8,Madrid,3,,0,0.1642477407175,3,https://www.idealista.com/103850346,,103850346,2,271,161,28101,344,,,1,3,,,Fuente del Cura,,30/01/2024,False,https://www.idealista.com/data/app/cid/TnBDb3dhaDFxN2NaT1hJRFBFcy9rUT09,1291.93,,0-EU-ES-28-05-008-101
08/03/2023,2,,0,40.370631,2,3,,2810101001,2,34962993,0,1,126100,3,28515,Desconocida,,,,Olmeda de las Fuentes,,-3.2217106,,2,60,Madrid,4,,1,0.1642477407175,35,https://www.idealista.com/100726970,,100726970,261,2036,150,28101,344,24/11/2023,,1,3,,,MAYOR,,24/11/2023,,https://www.idealista.com/data/app/cid/cEo2V1JHRW9DaHg4NW1rTDMwbitaQT09,840.67,,0-EU-ES-28-05-008-101
03/10/2023,2,,100,40.3690571,4,3,,2810101001,2,36789051,75,1,245000,3,28515,Calle,,,,Olmeda de las Fuentes,,-3.2228459,,0,2,Madrid,4,,0,0.1642477407175,35,https://www.idealista.com/102744986,,102744986,42,331,115,28101,344,14/11/2023,2011,1,2,,V,bodegas altas,123,14/11/2023,,https://www.idealista.com/data/app/cid/dXdKY3dBVGFMQTFKQmtwY1V4K1lJQT09,2130.43,,0-EU-ES-28-05-008-101
21/09/2023,2,,0,40.3713384,2,3,,2810101001,2,36673973,0,1,126100,3,28515,Desconocida,,False,,Olmeda de las Fuentes,,-3.221649,,3,19,Madrid,4,,0,0.1642477407175,35,https://www.idealista.com/102620357,,102620357,49,495,150,28101,344,09/11/2023,,1,2,,,MAYOR,,09/11/2023,,https://www.idealista.com/data/app/cid/MGxiczliNXVIMU92QjhXa2NTR1plZz09,840.67,,0-EU-ES-28-05-008-101
27/08/2021,2,,100,40.3696983,4,5,,2810101001,3,29742646,75,1,185000,2,28515,,,True,,Olmeda de las Fuentes,True,-3.2199061,,37,347,Madrid,3,,1,0.1642477407175,101,https://www.idealista.com/95117044,,95117044,888,12410,200,28101,344,,1978,1,2,,V,,200,27/11/2023,,https://www.idealista.com/data/app/cid/QlN5dDErNVlMWXpYWjlDM1V6VjJ4UT09,925,,0-EU-ES-28-05-008-101
11/10/2023,2,,100,40.3687691,4,2,,2810101001,2,36869606,75,1,220000,3,28515,Calle,,,,Olmeda de las Fuentes,,-3.2224551,,1,34,Madrid,4,,0,0.1642477407175,117,https://www.idealista.com/102834338,,102834338,9,415,150,28101,344,20/10/2023,1972,1,2,,V,de las cruces,150,20/10/2023,,https://www.idealista.com/data/app/cid/V1l1SndZYnJGQmkwNWpDcTNzd0JxQT09,1466.67,,0-EU-ES-28-05-008-101
13/06/2023,2,,0,40.3694901,4,5,,2810101001,1,35846715,0,1,255000,3,28515,Calle,,True,,Olmeda de las Fuentes,True,-3.2234222,,12,95,Madrid,3,,0,0.1642477407175,146,https://www.idealista.com/101715706,,101715706,234,2977,239,28101,344,,,1,2,,,de las Cruces,,01/02/2024,False,https://www.idealista.com/data/app/cid/YUN6YXE0cWxsY05YWTR6eDM1TlpKUT09,1066.95,15,0-EU-ES-28-05-008-101
05/10/2023,2,,95,40.3692762,2,3,,2810101001,3,36822196,75,1,209000,3,28515,,bj,True,,Olmeda de las Fuentes,False,-3.2209441,,3,58,Madrid,3,,0,0.1642477407175,216,https://www.idealista.com/102782130,,102782130,119,1981,152,28101,344,,2009,1,3,,A,,240,25/01/2024,True,https://www.idealista.com/data/app/cid/d0xjMmV5WFZIOXcybG81NUc3eTBUUT09,1375,,0-EU-ES-28-05-008-101
06/11/2023,2,,0,40.3672166,2,4,,2810101001,2,37100629,0,1,126800,3,28515,Calle,,True,,Olmeda de las Fuentes,True,-3.2187952,,2,5,Madrid,3,,0,0.1642477407175,223,https://www.idealista.com/103085426,,103085426,87,348,139,28101,344,,,1,3,,,mayor,,08/11/2023,,https://www.idealista.com/data/app/cid/dERzbnVMQVVBeWIydWhQYnJIcTcydz09,912.23,,0-EU-ES-28-05-008-101
22/07/2022,2,,100,40.3680138,0,4,1488608VK8618N0001UY,2810101001,1,32839679,75,1,126800,2,28515,Calle,bj,True,1488608VK8618N,Olmeda de las Fuentes,False,-3.2197829,,8,49,Madrid,4,,0,0.1642477407175,223,https://www.idealista.com/98373558,,98373558,469,2082,140,28101,344,04/11/2023,1968,1,3,,V,Mayor,98,04/11/2023,False,https://www.idealista.com/data/app/cid/RUxJVXBXbkRlaFlLWGVORUNsdWdudz09,905.71,61,0-EU-ES-28-05-008-101
03/10/2023,2,,100,40.369343,4,3,,2810101001,2,36789526,75,1,240000,3,28515,Desconocida,,True,,Olmeda de las Fuentes,,-3.2217636,,0,1,Madrid,4,,0,0.1642477407175,225,https://www.idealista.com/102745504,,102745504,14,163,108,28101,344,18/10/2023,1970,1,1,,V,suso,122,18/10/2023,,https://www.idealista.com/data/app/cid/WVVzUU00NlIwSDJoUUwraWJnRU9LQT09,2222.22,,0-EU-ES-28-05-008-101
12/07/2023,2,,0,40.3666991,2,3,,2810101001,2,36122739,0,1,126800,3,28515,Calle,,True,,Olmeda de las Fuentes,,-3.2204124,,1,20,Madrid,4,,0,0.1642477407175,233,https://www.idealista.com/102019322,,102019322,118,547,139,28101,344,08/11/2023,,1,2,,,mayor,,08/11/2023,True,https://www.idealista.com/data/app/cid/S0J6Mk9Nc041TFFZandGUW9VMnIrQT09,912.23,,0-EU-ES-28-05-008-101
03/04/2023,2,,0,40.3682096,2,3,,2810101001,1,35211045,0,1,205000,3,28515,Calle,,True,,Olmeda de las Fuentes,False,-3.2194207,,9,110,Madrid,4,,0,0.1642477407175,234,https://www.idealista.com/101002437,,101002437,185,2530,190,28101,344,05/10/2023,,1,3,,,del Pintor Álvaro Delgado,,05/10/2023,True,https://www.idealista.com/data/app/cid/SlhTZ09KcVNTclcvM0FEbzlZMk5sQT09,1078.95,16,0-EU-ES-28-05-008-101
10/03/2023,2,,100,40.3682246,0,3,,2810101001,1,34991068,100,1,149100,3,28515,Calle,,,1488612VK8618N,Olmeda de las Fuentes,,-3.2193843,,2,54,Madrid,4,,0,0.1642477407175,235,https://www.idealista.com/100757884,,100757884,235,1746,177,28101,344,31/10/2023,2009,1,2,,,del Pintor Álvaro Delgado,,31/10/2023,,https://www.idealista.com/data/app/cid/bWhFQmQ1MVBRZ0E1YURyVUV6bzVJdz09,842.37,14,0-EU-ES-28-05-008-101
18/05/2022,2,,100,40.3693789,2,3,,2810101001,2,32188561,75,1,126800,3,28515,Calle,bj,True,,Olmeda de las Fuentes,False,-3.2185872,,4,88,Madrid,4,,1,0.1642477407175,235,https://www.idealista.com/97684223,,97684223,537,2849,159,28101,344,07/11/2023,2009,1,3,,V,del Pintor Álvaro Delgado,178,07/11/2023,True,https://www.idealista.com/data/app/cid/b25Wd1JmMyt5cDBhaERqZG44TTdVdz09,797.48,,0-EU-ES-28-05-008-101
03/10/2023,2,,0,40.3667141,4,3,,2810101001,2,36789316,0,1,260000,3,28515,Calle,,,,Olmeda de las Fuentes,,-3.219557,,0,1,Madrid,4,,0,0.1642477407175,307,https://www.idealista.com/102745291,,102745291,14,154,130,28101,344,18/10/2023,,1,2,,,fuente del cura,,18/10/2023,,https://www.idealista.com/data/app/cid/Zkxsb3Q3eE9kY21SeGZrU2dYSTEwZz09,2000,,0-EU-ES-28-05-008-101
03/10/2023,2,,0,40.3673412,4,3,,2810101001,2,36789184,0,1,255000,3,28515,Calle,,,,Olmeda de las Fuentes,,-3.2168003,,0,1,Madrid,4,,0,0.1642477407175,324,https://www.idealista.com/102745156,,102745156,14,142,125,28101,344,18/10/2023,,1,2,,,Fuente del Cura,,18/10/2023,,https://www.idealista.com/data/app/cid/dExWUFppb04wK2xwNVR6eTl6ZW5vQT09,2040,,0-EU-ES-28-05-008-101
23/08/2023,2,,0,40.3682783,3,3,,2810101001,2,36433941,0,1,189000,3,28515,Desconocida,,True,,Olmeda de las Fuentes,,-3.2205946,,3,54,Madrid,4,,0,0.1642477407175,324,https://www.idealista.com/102358672,,102358672,26,866,134,28101,344,19/09/2023,,1,3,,,Fuente del cura,,19/09/2023,,https://www.idealista.com/data/app/cid/OGp0Tng1R3g3K1hQODI4UTB4cGZHZz09,1410.45,,0-EU-ES-28-05-008-101
03/02/2023,2,,100,40.3697831,4,3,,2810101001,2,34647096,75,1,185000,3,28515,Calle,,False,,Olmeda de las Fuentes,True,-3.2277836,,20,266,Madrid,4,,1,0.1642477407175,419,https://www.idealista.com/100367561,,100367561,238,4990,101,28101,344,29/09/2023,1990,1,1,,V,de las Cruces,101,29/09/2023,False,https://www.idealista.com/data/app/cid/OUFRTytkY3BQaEN6WkxXWmlkRzkxQT09,1831.68,,0-EU-ES-28-05-008-101
13/06/2023,2,,100,40.367109,4,3,,2810101001,3,35849517,75,1,185000,3,28515,,,False,,Olmeda de las Fuentes,False,-3.2265964,,8,124,Madrid,4,,2,0.1642477407175,419,https://www.idealista.com/101719780,,101719780,77,1919,101,28101,344,29/08/2023,1990,1,1,,V,,101,29/08/2023,False,https://www.idealista.com/data/app/cid/UkY2QTI3djJidnJUNjYrRVRkSE9zQT09,1831.68,,0-EU-ES-28-05-008-101
13/06/2023,2,,,40.3689536,0,3,,2810101001,3,101718222,,1,185000,3,28515,,,,,Olmeda de las Fuentes,False,-3.2266399,,0,0,Madrid,4,,0,0.1642477407175,484,https://www.idealista.com/101718222,,101718222,77,12,101,28101,344,30/08/2023,,1,1,,,,,30/08/2023,False,https://www.idealista.com/data/app/cid/cm03RThDdEJQdWw4U1hTYzQ3SXk3dz09,1831.68,,0-EU-ES-28-05-008-101
