ad_activationdate,ad_typology,newdevelopment_averageprice,address_certainty,ad_latitude,ad_subtypology,ad_roomnumber,property_cadastralreference,censustract_id,ad_addressvisible,id,cadastral_certainty,ad_operation,ad_price,ad_builttype,ad_postalcode,ad_streettype,ad_floornumber,ad_hasparkingspace,estate_cadastralroot,ad_town,ad_hasboxroom,ad_longitude,newdevelopment_commercialname,adstats_contactsbyemail,adstats_savedasfavorite,ad_province,ad_state,ad_flatlocation,adstats_sendtofriend,layerlocation_area,distance,ad_urlactive,newdevelopment_fromprice,ad_id,adstats_daysonmarket,adstats_visits,ad_area,censustract_town_id,layerlocation_population,ad_deactivationdate,property_builtdate,ad_propertytype,ad_bathnumber,ad_haslift,property_use,ad_streetname,property_area,ad_modificationdate,ad_hasswimmingpool,ad_urlinactive,ad_unitprice,ad_streetnumber,ad_layerlocation
13/09/2023,2,,0,40.8565343,2,3,,2810701001,2,36605465,0,1,196000,3,28189,Avenida,,True,,Patones,,-3.4826056,,0,79,Madrid,4,,0,0.34109010970875,78,https://www.idealista.com/102544879,,102544879,89,1496,134,28107,505,12/12/2023,,1,3,,,de Mdrid,,12/12/2023,,https://www.idealista.com/data/app/cid/VG11UnVLb3VDb2g0dDNoTWkycS8wdz09,1462.69,,0-EU-ES-28-01-018-107
11/04/2023,2,,87,40.8522382,4,4,,2810701001,3,35272170,75,1,442000,3,28189,,,False,,Patones,False,-3.4861366,,1,29,Madrid,3,,0,0.34109010970875,311,https://www.idealista.com/101069824,,101069824,1,1605,201,28107,505,13/04/2023,0,1,3,,M,,0,27/07/2023,True,https://www.idealista.com/data/app/cid/NGUvZXQyNCtNVkZNeHhkMjJYSHhmdz09,2199,,0-EU-ES-28-01-018-107
26/09/2023,2,,100,40.8541029,2,3,,2810701001,2,36720095,75,1,196000,3,28189,Avenida,bj,True,,Patones,,-3.4888643,,0,14,Madrid,4,,0,0.34109010970875,372,https://www.idealista.com/102670055,,102670055,112,656,134,28107,505,16/01/2024,0,1,3,,M,de Madrid,0,16/01/2024,,https://www.idealista.com/data/app/cid/Y0o0S25IdktVMHpZelJSNlBsZ2VSZz09,1462.69,,0-EU-ES-28-01-018-107
09/09/2023,2,,0,40.8525981,2,3,,2810701001,1,36564095,0,1,196000,3,28189,Avenida,,True,,Patones,True,-3.4880608,,7,17,Madrid,4,,0,0.34109010970875,424,https://www.idealista.com/102499980,,102499980,125,916,165,28107,505,13/01/2024,,1,3,,,de Madrid,,13/01/2024,False,https://www.idealista.com/data/app/cid/UTdNOU9DS0xpWk9kM0NCeW0zdmxxQT09,1187.88,1,0-EU-ES-28-01-018-107
24/07/2023,2,,100,40.8531628,2,3,,2810701001,2,36225338,100,1,196000,3,28189,Avenida,,True,,Patones,,-3.4868587,,2,38,Madrid,4,,0,0.34109010970875,424,https://www.idealista.com/102131908,,102131908,167,996,134,28107,505,08/01/2024,2004,1,3,,,Madrid,,08/01/2024,,https://www.idealista.com/data/app/cid/c2NOVk1idXRncXo2K0hPWkVOTkNLZz09,1462.69,,0-EU-ES-28-01-018-107
24/08/2023,2,,100,40.8508216,2,3,,2810701001,2,36440646,100,1,196000,3,28189,Avenida,,True,,Patones,,-3.488615,,0,26,Madrid,4,,0,0.34109010970875,424,https://www.idealista.com/102365862,,102365862,131,836,134,28107,505,03/01/2024,2004,1,3,,,Madrid,,03/01/2024,,https://www.idealista.com/data/app/cid/akg1MW90T2h2RC92OWsrVDFncUFzUT09,1462.69,,0-EU-ES-28-01-018-107
21/06/2023,2,,100,40.8660608,4,4,8542610VL5284S0002RE,2810701001,1,35932507,75,1,289000,3,28189,Travesía,,,8542610VL5284S,Patones,True,-3.4930191,,15,329,Madrid,4,,3,0.34109010970875,1330,https://www.idealista.com/101810791,,101810791,155,4800,249,28107,505,23/11/2023,0,1,2,,M,del Ayuntamiento,0,23/11/2023,,https://www.idealista.com/data/app/cid/U2lMK3Y4V1FvNzBnVVBsUEVjNWtFQT09,1160.64,3,0-EU-ES-28-01-018-107
17/05/2023,2,,0,40.8676756,0,2,,2810701001,3,35608948,0,1,375000,3,28189,,bj,,,Patones,True,-3.494374,,10,210,Madrid,4,,4,0.34109010970875,1397,https://www.idealista.com/101453230,,101453230,252,4184,218,28107,505,24/01/2024,,1,2,,,,,24/01/2024,False,https://www.idealista.com/data/app/cid/VEdQMGs2ZXV1RTBNVUFEMnM4SVZBdz09,1720.18,,0-EU-ES-28-01-018-107
05/09/2021,2,,0,40.8548769,4,4,,2810701001,1,29811920,0,1,110000,2,28189,Calle,,False,,Patones,False,-3.5022096,,46,538,Madrid,3,,3,0.34109010970875,1441,https://www.idealista.com/95190027,,95190027,374,17886,100,28107,505,15/09/2022,,1,1,,,de las Eras,,29/10/2023,False,https://www.idealista.com/data/app/cid/SUlmdU1ld3VKQVJ3SHZFWGdGOFRJZz09,1100,0,0-EU-ES-28-01-018-107
