ad_activationdate,ad_typology,newdevelopment_averageprice,address_certainty,ad_latitude,ad_subtypology,ad_roomnumber,property_cadastralreference,censustract_id,ad_addressvisible,id,cadastral_certainty,ad_operation,ad_price,ad_builttype,ad_postalcode,ad_streettype,ad_floornumber,ad_hasparkingspace,estate_cadastralroot,ad_town,ad_hasboxroom,ad_longitude,newdevelopment_commercialname,adstats_contactsbyemail,adstats_savedasfavorite,ad_province,ad_state,ad_flatlocation,adstats_sendtofriend,layerlocation_area,distance,ad_urlactive,newdevelopment_fromprice,ad_id,adstats_daysonmarket,adstats_visits,ad_area,censustract_town_id,layerlocation_population,ad_deactivationdate,property_builtdate,ad_propertytype,ad_bathnumber,ad_haslift,property_use,ad_streetname,property_area,ad_modificationdate,ad_hasswimmingpool,ad_urlinactive,ad_unitprice,ad_streetnumber,ad_layerlocation
06/07/2023,1,,100,40.2348104,,3,,2811001001,2,36070524,75,1,135000,3,28540,Calle,2,True,,Perales de Tajuña,True,-3.3553374,,2,15,Madrid,4,1,0,0.47882510397124,169,https://www.idealista.com/101961786,,101961786,71,469,115,28110,3020,15/09/2023,2001,1,2,False,V,CASTILLO,126,15/09/2023,,https://www.idealista.com/data/app/cid/WGZ5bjUvdTcranliUFZFV0hqOE1lUT09,1173.91,,0-EU-ES-28-05-005-110
25/01/2024,1,,,40.2351934,,3,,2811001001,2,103792843,,1,207936,3,28540,Desconocida,1,,,Perales de Tajuña,,-3.3526305,,0,1,Madrid,3,1,0,0.47882510397124,172,https://www.idealista.com/103792843,,103792843,8,175,125,28110,3020,,,1,2,False,,ALAMILLO,,25/01/2024,,https://www.idealista.com/data/app/cid/cWwvTVJvZVc5TXliY0M0ZVdsditqZz09,1663.49,,0-EU-ES-28-05-005-110
25/01/2024,1,,,40.23638,,5,,2811001001,2,103792870,,1,242500,3,28540,Desconocida,bj,,,Perales de Tajuña,,-3.3527482,,0,0,Madrid,3,1,0,0.47882510397124,173,https://www.idealista.com/103792870,,103792870,8,138,144,28110,3020,,,1,3,False,,ALAMILLO,,25/01/2024,,https://www.idealista.com/data/app/cid/azQ3NHpHWC9HNmxMb0FpTjFqQUhmZz09,1684.03,,0-EU-ES-28-05-005-110
17/11/2023,1,,100,40.2330694,,1,,2811001001,1,37211537,100,1,130000,3,28540,Calle,2,False,0139640VK7503N,Perales de Tajuña,False,-3.3536114,,0,0,Madrid,3,1,0,0.47882510397124,199,https://www.idealista.com/103208276,,103208276,76,589,109,28110,3020,,2002,1,1,False,,Castillo,,15/01/2024,False,https://www.idealista.com/data/app/cid/eFhpckJ6ZXp4TzY2czBPWTZ1djNpQT09,1192.66,74,0-EU-ES-28-05-005-110
25/02/2022,1,,68,40.2354714,,2,,2811001001,3,31430512,68,1,132000,3,28540,,bj,,,Perales de Tajuña,True,-3.3576094,,25,136,Madrid,3,1,0,0.47882510397124,378,https://www.idealista.com/96880711,,96880711,707,6177,102,28110,3020,,1980,1,1,False,,,,02/02/2024,False,https://www.idealista.com/data/app/cid/UTN3SWxQeXR2VnJvNVE5TzVWTCs1QT09,1294.12,,0-EU-ES-28-05-005-110
21/07/2023,1,,0,40.2376762,,3,,2811001001,2,36204632,0,1,99644,3,28540,Calle,2,False,,Perales de Tajuña,False,-3.3536592,,2,14,Madrid,4,,0,0.47882510397124,442,https://www.idealista.com/102109067,,102109067,11,281,100,28110,3020,02/08/2023,,1,2,False,,Mayor Alta,,02/08/2023,False,https://www.idealista.com/data/app/cid/MCtyWXJUcDVmS05KazM5aHZ5d1k4Zz09,996.44,,0-EU-ES-28-05-005-110
13/04/2023,2,,100,40.2345536,2,4,0141008VK7504S0001EJ,2811001001,1,35293125,75,1,90000,3,28540,Plaza,,,0141008VK7504S,Perales de Tajuña,True,-3.3525284,,42,142,Madrid,4,,3,0.47882510397124,28,https://www.idealista.com/101094123,,101094123,284,5324,111,28110,3020,22/01/2024,1970,1,2,,V,de la Constitución,111,22/01/2024,False,https://www.idealista.com/data/app/cid/K29mNkx3WTRuUmt3Y0h3bEZYVjJoQT09,810.81,8,0-EU-ES-28-05-005-110
13/03/2023,2,,100,40.2325664,2,4,,2811001001,2,35012634,75,1,175000,3,28540,Calle,,,,Perales de Tajuña,True,-3.3513175,,40,336,Madrid,3,,2,0.47882510397124,30,https://www.idealista.com/100780754,,100780754,326,7412,150,28110,3020,,1970,1,3,,V,Mayor Baja,150,31/01/2024,,https://www.idealista.com/data/app/cid/b3FjSGI3dlZSWUc4Z3E2c3dZd3BjZz09,1166.67,,0-EU-ES-28-05-005-110
13/10/2023,2,,100,40.2351693,4,2,,2811001001,2,36882450,75,1,90000,3,28540,Calle,,False,,Perales de Tajuña,True,-3.3538683,,15,50,Madrid,3,,1,0.47882510397124,133,https://www.idealista.com/102848910,,102848910,112,2193,118,28110,3020,,1900,1,1,,V,Imperial,196,30/01/2024,False,https://www.idealista.com/data/app/cid/QXJHbDB3QitwVUs1Y3VCajJlWjVSUT09,762.71,,0-EU-ES-28-05-005-110
08/07/2023,2,,100,40.2358055,0,4,0243837VK7504S0001PJ,2811001001,1,36090724,75,1,150000,3,28540,Calle,,True,0243837VK7504S,Perales de Tajuña,True,-3.3523424,,11,41,Madrid,4,,0,0.47882510397124,145,https://www.idealista.com/101984287,,101984287,96,1477,102,28110,3020,13/10/2023,1972,1,3,,V,Mayor Alta,156,13/10/2023,,https://www.idealista.com/data/app/cid/VytOTThFcnRlUDBKZDNaOWJDNCtvdz09,1470.59,18,0-EU-ES-28-05-005-110
21/11/2023,2,,0,40.2357245,4,2,,2811001001,1,37240272,0,1,115000,3,28540,Desconocida,,,,Perales de Tajuña,True,-3.3534731,,0,3,Madrid,4,,0,0.47882510397124,173,https://www.idealista.com/103240518,,103240518,0,129,100,28110,3020,21/11/2023,,1,1,,,ALAMILLO,,21/11/2023,,https://www.idealista.com/data/app/cid/MGYyakxPTWVSS214c1ZUYTJOWXlEQT09,1150,0,0-EU-ES-28-05-005-110
14/07/2023,2,,100,40.2363918,2,3,,2811001001,3,36149100,75,1,149800,3,28540,,,True,,Perales de Tajuña,,-3.3497744,,31,159,Madrid,3,,2,0.47882510397124,192,https://www.idealista.com/102048199,,102048199,66,2992,147,28110,3020,19/09/2023,1992,1,1,,V,,118,30/01/2024,,https://www.idealista.com/data/app/cid/Y0liSEFGSjR3WG1wY2tLNkFZZ0dMQT09,1019.05,,0-EU-ES-28-05-005-110
12/07/2023,2,,100,40.2320169,3,2,,2811001001,2,36123834,75,1,125000,3,28540,Desconocida,,,,Perales de Tajuña,,-3.348588,,3,14,Madrid,4,,0,0.47882510397124,239,https://www.idealista.com/102020433,,102020433,87,627,120,28110,3020,08/10/2023,1952,1,2,,V,calvario,187,08/10/2023,,https://www.idealista.com/data/app/cid/end0ZXZTVHF0NDNxL2tMK2VsVGJDZz09,1041.67,,0-EU-ES-28-05-005-110
07/07/2023,2,,0,40.2313589,3,4,,2811001001,2,36083279,0,1,140000,3,28540,Calle,,,,Perales de Tajuña,,-3.3521255,,3,10,Madrid,4,,0,0.47882510397124,240,https://www.idealista.com/101976318,,101976318,92,964,133,28110,3020,08/10/2023,,1,1,,,de las cuevas,,08/10/2023,,https://www.idealista.com/data/app/cid/L3VCV2NvWFlVVkdRY0tyNVFGTEp3UT09,1052.63,,0-EU-ES-28-05-005-110
29/05/2023,2,,0,40.2314161,4,4,,2811001001,3,35709358,0,1,259000,3,28540,,,,,Perales de Tajuña,,-3.3522693,,5,57,Madrid,4,,0,0.47882510397124,240,https://www.idealista.com/101566470,,101566470,106,904,272,28110,3020,12/09/2023,,1,3,,,,,12/09/2023,,https://www.idealista.com/data/app/cid/N1R1TU5EUXpVWGdINXZFTXM2OElFZz09,952.21,,0-EU-ES-28-05-005-110
24/05/2022,2,,0,40.2312495,3,4,,2811001001,2,32242749,0,1,138000,3,28540,Calle,,True,,Perales de Tajuña,True,-3.3547062,,56,316,Madrid,4,,1,0.47882510397124,268,https://www.idealista.com/97742055,,97742055,548,7785,137,28110,3020,23/11/2023,,1,2,,,Las Peñas,,23/11/2023,,https://www.idealista.com/data/app/cid/YTkydUJpTTZZUUFhaHVyVC85OUtYQT09,1007.3,,0-EU-ES-28-05-005-110
07/02/2023,2,,81,40.233426,2,3,9939028VK6593N0001EH,2811001001,1,34691117,75,1,183000,3,28540,Cuesta,,False,9939028VK6593N,Perales de Tajuña,True,-3.3553456,,54,161,Madrid,4,,0,0.47882510397124,292,https://www.idealista.com/100416757,,100416757,357,4419,203,28110,3020,31/01/2024,2007,1,3,,V,de Moyano,203,31/01/2024,False,https://www.idealista.com/data/app/cid/TktnQ05YOTdKY0JpaE16YTRDQ2x3UT09,901.48,13,0-EU-ES-28-05-005-110
,2,,100,40.2322081,4,3,0440803VK7504S0001UJ,2811001001,1,34672448,75,1,150000,3,28540,Calle,,True,0440803VK7504S,Perales de Tajuña,False,-3.3500156,,,0,Madrid,4,,0,0.47882510397124,315,https://www.idealista.com/100395481,,100395481,226,,200,28110,3020,21/09/2023,1992,1,1,,V,Barrio Nuevo,118,21/09/2023,False,https://www.idealista.com/data/app/cid/WExWdWNWcVpjZ25oeE1rWXpwaGxnQT09,750,20,0-EU-ES-28-05-005-110
02/08/2023,2,,100,40.2319543,2,3,,2811001001,3,36302628,75,1,125000,3,28540,,,True,,Perales de Tajuña,True,-3.3492546,,27,131,Madrid,4,,1,0.47882510397124,346,https://www.idealista.com/102214222,,102214222,49,1889,126,28110,3020,21/09/2023,2012,1,2,,V,,126,09/01/2024,,https://www.idealista.com/data/app/cid/c2c3SDYzWkpwQjVObTlPWjAyRjU0UT09,992.06,,0-EU-ES-28-05-005-110
19/04/2023,2,,97,40.2369778,4,2,,2811001001,2,35353754,75,1,149990,2,28540,Desconocida,,True,,Perales de Tajuña,,-3.3493048,,16,146,Madrid,4,,0,0.47882510397124,357,https://www.idealista.com/101161073,,101161073,235,2446,118,28110,3020,11/12/2023,1992,1,1,,V,barrionuevo,118,11/12/2023,,https://www.idealista.com/data/app/cid/TEhRcDZUaFlXMHJEQlNtR2RGMlR3QT09,1271.1,,0-EU-ES-28-05-005-110
16/02/2023,2,,100,40.2299166,0,4,,2811001001,3,34782674,75,1,219900,3,28540,,bj,True,,Perales de Tajuña,True,-3.3463974,,13,59,Madrid,4,,0,0.47882510397124,518,https://www.idealista.com/100522193,,100522193,230,1692,220,28110,3020,05/10/2023,1992,1,3,,V,,234,05/10/2023,,https://www.idealista.com/data/app/cid/MjRTRXZVcWV1N1Ewd3VnMW55M0VWQT09,999.55,,0-EU-ES-28-05-005-110
17/10/2023,2,,100,40.2330235,4,4,,2811001001,2,36912107,75,1,259000,3,28540,Desconocida,,True,,Perales de Tajuña,True,-3.349153,,,0,Madrid,4,,0,0.47882510397124,539,https://www.idealista.com/102880217,,102880217,45,,272,28110,3020,02/12/2023,2009,1,3,,V,Extramuros,310,02/12/2023,,https://www.idealista.com/data/app/cid/TFFoZ0c4aEtNd2h3Z1R4akhia1dUZz09,952.21,,0-EU-ES-28-05-005-110
21/02/2023,2,,81,40.2383811,2,3,,2811001001,3,34819321,75,1,99990,2,28540,,,,,Perales de Tajuña,,-3.3545556,,18,142,Madrid,3,,0,0.47882510397124,594,https://www.idealista.com/100563978,,100563978,181,4844,130,28110,3020,21/08/2023,1920,1,1,,I,,134,29/01/2024,,https://www.idealista.com/data/app/cid/U3lJZkNDRlk5TitYZGtkVWQ2OSttQT09,769.15,,0-EU-ES-28-05-005-110
28/11/2023,2,,81,40.2401241,2,3,,2811001001,3,37310513,75,1,105000,2,28540,,,,,Perales de Tajuña,,-3.3519703,,6,24,Madrid,4,,0,0.47882510397124,594,https://www.idealista.com/103315425,,103315425,34,1207,130,28110,3020,02/01/2024,1920,1,1,,I,,134,02/01/2024,,https://www.idealista.com/data/app/cid/Tkx5RDJ6NzdrNFJaYlZKYzlpSDR0dz09,807.69,,0-EU-ES-28-05-005-110
29/04/2022,2,,0,40.2253705,4,4,,2811001001,1,32019518,0,1,295000,3,28540,Desconocida,,True,,Perales de Tajuña,True,-3.3533636,,21,100,Madrid,4,,1,0.47882510397124,1019,https://www.idealista.com/97505140,,97505140,560,3892,281,28110,3020,10/11/2023,,1,2,,,Urbanización Valdeperales,,10/11/2023,False,https://www.idealista.com/data/app/cid/eXpnRTJJTzJvMTB1cVNRNjZkMC82UT09,1049.82,30,0-EU-ES-28-05-005-110
17/01/2023,2,,0,40.2211956,4,3,,2811001001,2,34477818,0,1,265000,3,28540,Desconocida,,True,,Perales de Tajuña,True,-3.3466292,,16,230,Madrid,3,,0,0.47882510397124,1701,https://www.idealista.com/100172012,,100172012,337,5149,212,28110,3020,21/12/2023,,1,2,,,VALDEPERALES DE ABAJO,,18/01/2024,True,https://www.idealista.com/data/app/cid/S1R6Q3JiNHNiTDFxZWlCdXpmRDM5Zz09,1250,,0-EU-ES-28-05-005-110
26/10/2022,2,,0,40.2098893,0,4,,2811001001,2,33710533,0,1,295000,3,28540,Desconocida,2,True,,Perales de Tajuña,,-3.3511682,,0,0,Madrid,4,,0,0.47882510397124,2530,https://www.idealista.com/99318771,,99318771,338,104,281,28110,3020,29/09/2023,,1,2,,,Urbanización Valdeperales,,29/09/2023,False,https://www.idealista.com/data/app/cid/dFBMZGRvc0czSW1TOWNOWXpRUzFlQT09,1049.82,,0-EU-ES-28-05-005-110
20/09/2023,2,,0,40.2128895,4,3,,2811001001,2,36671195,0,1,295000,3,28540,Desconocida,,False,,Perales de Tajuña,True,-3.3517062,,5,49,Madrid,4,,0,0.47882510397124,2530,https://www.idealista.com/102616341,,102616341,84,1285,165,28110,3020,14/12/2023,,1,2,,,Urbanización Valdeperales,,14/12/2023,True,https://www.idealista.com/data/app/cid/VFFkRVpjRWp6cUUxUjVlYWpabmt5dz09,1787.88,,0-EU-ES-28-05-005-110
