ad_activationdate,ad_typology,newdevelopment_averageprice,address_certainty,ad_latitude,ad_subtypology,ad_roomnumber,property_cadastralreference,censustract_id,ad_addressvisible,id,cadastral_certainty,ad_operation,ad_price,ad_builttype,ad_postalcode,ad_streettype,ad_floornumber,ad_hasparkingspace,estate_cadastralroot,ad_town,ad_hasboxroom,ad_longitude,newdevelopment_commercialname,adstats_contactsbyemail,adstats_savedasfavorite,ad_province,ad_state,ad_flatlocation,adstats_sendtofriend,layerlocation_area,distance,ad_urlactive,newdevelopment_fromprice,ad_id,adstats_daysonmarket,adstats_visits,ad_area,censustract_town_id,layerlocation_population,ad_deactivationdate,property_builtdate,ad_propertytype,ad_bathnumber,ad_haslift,property_use,ad_streetname,property_area,ad_modificationdate,ad_hasswimmingpool,ad_urlinactive,ad_unitprice,ad_streetnumber,ad_layerlocation
23/06/2022,1,,100,40.4204243,,2,,2811101001,2,32545771,75,1,120000,3,28812,Calle,1,,,Pezuela de las Torres,False,-3.1757366,,25,136,Madrid,3,1,0,0.40598020280873,130,https://www.idealista.com/98063574,,98063574,342,3675,108,28111,792,01/06/2023,2006,1,2,False,V,de las Rosas,266,02/01/2024,False,https://www.idealista.com/data/app/cid/b0xNaDFSOWNzekp4UWNkbXdWdGZkZz09,1111.11,,0-EU-ES-28-06-009-111
18/04/2023,2,,0,40.4206653,3,5,,2811101001,3,35333937,0,1,204000,3,28812,,,False,,Pezuela de las Torres,False,-3.1772106,,0,9,Madrid,4,,0,0.40598020280873,120,https://www.idealista.com/101140137,,101140137,107,455,180,28111,792,03/08/2023,,1,3,,,,,03/08/2023,False,https://www.idealista.com/data/app/cid/a21LK216QjkrbDhQMzY0V1B4NS9xQT09,1133.33,,0-EU-ES-28-06-009-111
12/09/2022,2,,0,40.418673,2,3,,2811101001,3,33218790,0,1,119900,3,28812,,bj,True,,Pezuela de las Torres,,-3.1752832,,9,113,Madrid,3,,0,0.40598020280873,132,https://www.idealista.com/98784951,,98784951,464,2728,133,28111,792,21/12/2023,,1,2,,,,,08/01/2024,,https://www.idealista.com/data/app/cid/dFptY3lhQmdEU29LZ1YxK0pvS1cydz09,901.5,,0-EU-ES-28-06-009-111
08/12/2021,2,,75,40.4187416,4,3,,2811101001,1,30728199,75,1,201000,3,28812,Camino,,True,4844202VK8744S,Pezuela de las Torres,True,-3.1800449,,2,19,Madrid,4,,1,0.40598020280873,206,https://www.idealista.com/96147289,,96147289,659,1349,280,28111,792,29/09/2023,1978,1,2,,,de los llanos,,29/09/2023,,https://www.idealista.com/data/app/cid/YzJKaXBXeWkySVVDa0NTV0FyMC9tUT09,717.86,2,0-EU-ES-28-06-009-111
23/02/2023,2,,96,40.4150298,3,5,,2811101001,2,34848691,75,1,150000,3,28812,Calle,,,,Pezuela de las Torres,,-3.1784246,,2,23,Madrid,4,,0,0.40598020280873,213,https://www.idealista.com/100597459,,100597459,263,1124,152,28111,792,14/11/2023,1970,1,2,,V,LOS ALMENDROS,152,14/11/2023,,https://www.idealista.com/data/app/cid/R3pXMmN2Y3VpaUpXR25FOWxLVVZsUT09,986.84,,0-EU-ES-28-06-009-111
28/11/2022,2,,100,40.4183437,2,5,,2811101001,2,34107716,75,1,150000,3,28812,Calle,,True,,Pezuela de las Torres,True,-3.1769591,,0,0,Madrid,4,,0,0.40598020280873,213,https://www.idealista.com/99753587,,99753587,359,29,160,28111,792,23/11/2023,1970,1,2,,V,del Almendro,152,23/11/2023,False,https://www.idealista.com/data/app/cid/YlNsWlBoT3hWbHp0SDU5YnN3SHFwZz09,937.5,,0-EU-ES-28-06-009-111
21/09/2021,2,,100,40.4167827,4,4,5143607VK8754S0001QD,2811101001,1,29964807,75,1,150000,3,28812,Calle,,True,5143607VK8754S,Pezuela de las Torres,True,-3.1773357,,0,26,Madrid,4,,0,0.40598020280873,214,https://www.idealista.com/95350656,,95350656,723,3626,160,28111,792,15/09/2023,1970,1,2,,V,del Almendro,152,15/09/2023,False,https://www.idealista.com/data/app/cid/bTN3MloydDFPU1J0aDJKaUpSTXlwUT09,937.5,3,0-EU-ES-28-06-009-111
12/03/2022,2,,0,40.4171296,0,3,,2811101001,3,31582723,0,1,114800,3,28812,,,False,,Pezuela de las Torres,False,-3.1754811,,13,71,Madrid,4,,0,0.40598020280873,215,https://www.idealista.com/97040196,,97040196,614,2455,149,28111,792,17/11/2023,,1,2,,,,,17/11/2023,False,https://www.idealista.com/data/app/cid/ZUd1TXB3cDF1WGRWOTNwREJha0pWQT09,770.47,,0-EU-ES-28-06-009-111
23/01/2023,2,,100,40.4156072,2,1,,2811101001,3,34530484,100,1,135000,2,28812,,bj,False,,Pezuela de las Torres,False,-3.1751673,,0,0,Madrid,3,,0,0.40598020280873,232,https://www.idealista.com/100232699,,100232699,374,56,149,28111,792,,2002,1,1,,,,,21/09/2023,False,https://www.idealista.com/data/app/cid/U2taQisvM1N3RWloaUYzVjBZTVlyZz09,906.04,,0-EU-ES-28-06-009-111
23/01/2023,2,,100,40.4186802,2,1,,2811101001,2,34525731,75,1,114750,3,28812,Calle,,,,Pezuela de las Torres,,-3.1774839,,0,0,Madrid,3,,0,0.40598020280873,232,https://www.idealista.com/100227592,,100227592,59,1395,149,28111,792,23/03/2023,2002,1,1,,V,Carril,163,14/08/2023,,https://www.idealista.com/data/app/cid/SGxMdmRaaXgxMWF3NGs4bW1SY0Z3Zz09,770.13,,0-EU-ES-28-06-009-111
04/10/2023,2,,0,40.4155598,0,1,,2811101001,2,36801108,0,1,114750,3,28812,Calle,,,,Pezuela de las Torres,,-3.1753804,,0,0,Madrid,4,,0,0.40598020280873,276,https://www.idealista.com/102758791,,102758791,28,1,149,28111,792,02/11/2023,,1,1,,,del Carril,,02/11/2023,,https://www.idealista.com/data/app/cid/MGZxSkJocTRRK2tsWVBEWlBCVy9Qdz09,770.13,,0-EU-ES-28-06-009-111
12/11/2022,2,,100,40.4205683,4,3,,2811101001,3,33890723,75,1,150000,3,28812,,,True,,Pezuela de las Torres,True,-3.1761102,,0,0,Madrid,3,,0,0.40598020280873,290,https://www.idealista.com/99519089,,99519089,41,118,140,28111,792,23/12/2022,1984,1,2,,V,,180,21/08/2023,True,https://www.idealista.com/data/app/cid/VURpV1VNb09sYi9XdkRNOEdNN0Q5Zz09,1071.43,,0-EU-ES-28-06-009-111
11/11/2022,2,,100,40.4188388,4,3,,2811101001,3,33884151,75,1,150000,3,28812,,,True,,Pezuela de las Torres,True,-3.1747021,,49,628,Madrid,3,,1,0.40598020280873,290,https://www.idealista.com/99512377,,99512377,447,13015,140,28111,792,,1984,1,2,,V,,180,19/12/2023,True,https://www.idealista.com/data/app/cid/MnpwUDI3aTFaWDc1RFA0K1ZzT1lEUT09,1071.43,,0-EU-ES-28-06-009-111
09/11/2023,2,,100,40.4207743,4,4,4547121VK8744N0001TQ,2811101001,1,37140274,75,1,130000,2,28812,Calle,,True,4547121VK8744N,Pezuela de las Torres,False,-3.1836341,,22,109,Madrid,3,,0,0.40598020280873,559,https://www.idealista.com/103129593,,103129593,84,2983,109,28111,792,,1980,1,1,,V,de Mercurio,139,01/02/2024,False,https://www.idealista.com/data/app/cid/NUI3OEhxWFVBdjB0L015MFVTSjFDdz09,1192.66,11,0-EU-ES-28-06-009-111
12/09/2023,2,,100,40.4228156,4,5,5445807VK8754N0001KT,2811101001,1,36593521,75,1,162000,3,28812,Calle,,True,5445807VK8754N,Pezuela de las Torres,False,-3.1702876,,4,14,Madrid,4,,0,0.40598020280873,770,https://www.idealista.com/102531307,,102531307,25,380,119,28111,792,08/10/2023,2006,1,2,,V,de los Olmos,221,08/10/2023,False,https://www.idealista.com/data/app/cid/U3I3d0ZWVC9sTHRkbHJ4OHB1UWcyZz09,1361.34,8,0-EU-ES-28-06-009-111
15/09/2023,2,,100,40.4214848,4,4,,2811101001,2,36628697,75,1,249500,3,28812,Desconocida,,,,Pezuela de las Torres,,-3.1659265,,0,14,Madrid,3,,1,0.40598020280873,1031,https://www.idealista.com/102570426,,102570426,139,1024,161,28111,792,,1980,1,2,,V,Olmos,218,20/09/2023,True,https://www.idealista.com/data/app/cid/cGgrdVc1VEdaNXlmenJaNVlydFdOQT09,1549.69,,0-EU-ES-28-06-009-111
29/06/2023,2,,0,40.4229028,4,4,,2811101001,1,35973577,0,1,250000,3,28812,Calle,,False,,Pezuela de las Torres,True,-3.1667526,,8,27,Madrid,3,,1,0.40598020280873,1031,https://www.idealista.com/101855355,,101855355,218,1381,160,28111,792,,,1,1,,,de los Olmos,,17/01/2024,True,https://www.idealista.com/data/app/cid/QmRVNExVSkxWQzFUQ09SWGFHSGRjQT09,1562.5,32,0-EU-ES-28-06-009-111
19/12/2023,2,,0,40.4234158,4,3,,2811101001,1,37470320,0,1,185000,3,28812,Calle,,True,,Pezuela de las Torres,False,-3.1670433,,13,28,Madrid,4,,0,0.40598020280873,1036,https://www.idealista.com/103490668,,103490668,28,1140,180,28111,792,17/01/2024,,1,1,,,de los Pinos,,17/01/2024,True,https://www.idealista.com/data/app/cid/Smx2dkkwMmkvNmFhcXpXVFI5aDR2dz09,1027.78,153,0-EU-ES-28-06-009-111
