newdevelopment_commercialname,ad_id,ad_haslift,distance,property_area,ad_latitude,adstats_savedasfavorite,adstats_visits,ad_flatlocation,ad_propertytype,ad_urlactive,property_builtdate,estate_cadastralroot,address_certainty,ad_builttype,ad_hasboxroom,ad_typology,ad_state,ad_postalcode,ad_area,property_cadastralreference,ad_modificationdate,ad_layerlocation,ad_streetnumber,ad_hasswimmingpool,newdevelopment_averageprice,censustract_id,ad_price,adstats_contactsbyemail,ad_town,ad_floornumber,censustract_town_id,newdevelopment_fromprice,property_use,id,cadastral_certainty,ad_subtypology,layerlocation_population,ad_roomnumber,ad_longitude,ad_addressvisible,ad_province,ad_streettype,adstats_sendtofriend,layerlocation_area,ad_unitprice,ad_hasparkingspace,ad_activationdate,adstats_daysonmarket,ad_streetname,ad_deactivationdate,ad_urlinactive,ad_operation,ad_bathnumber
,98775245,False,127,,40.3679835,100,2699,1,1,https://www.idealista.com/98775245,2006,,100,3,False,1,4,28813,134,,15/11/2023,0-EU-ES-28-05-008-116,,False,,2811601001,175000,12,Pozuelo del Rey,1,28116,,,33209665,100,,1185,3,-3.324956,3,Madrid,,0,0.3035666418025,1305.97,True,12/09/2022,428,,15/11/2023,https://www.idealista.com/data/app/cid/cjlrR1FvcmpFUzZmbXlVK0xIL3JEQT09,1,2
,100181460,False,138,134,40.3691107,201,4043,1,1,https://www.idealista.com/100181460,2006,,100,3,False,1,3,28813,134,,28/01/2024,0-EU-ES-28-05-008-116,,False,,2811601001,157000,20,Pozuelo del Rey,1,28116,,V,34485472,75,,1185,3,-3.3222392,2,Madrid,Calle,3,0.3035666418025,1171.64,True,18/01/2023,380,de la Concordia,,https://www.idealista.com/data/app/cid/QU4wdzV1MFNBemNwTENoNnZLVkdPZz09,1,1
,29644007,False,139,137,40.3672899,70,6587,1,1,https://www.idealista.com/29644007,2006,2788021VK7628N,100,3,False,1,3,28813,120,2788021VK7628N0003FM,23/01/2024,0-EU-ES-28-05-008-116,13,False,,2811601001,197000,26,Pozuelo del Rey,1,28116,,V,20899752,100,,1185,3,-3.32281,1,Madrid,Calle,1,0.3035666418025,1641.67,True,19/02/2015,3269,de la Concordia,,https://www.idealista.com/data/app/cid/RUxVNnVOUFk1NG5lUFVjV21rUjNRZz09,1,1
,101506600,,83,,40.3660233,118,2037,,1,https://www.idealista.com/101506600,2007,,100,3,False,2,4,28813,157,,30/08/2023,0-EU-ES-28-05-008-116,,False,,2811601001,184000,26,Pozuelo del Rey,,28116,,,35655384,100,3,1185,4,-3.3220677,2,Madrid,Calle,0,0.3035666418025,1171.97,False,23/05/2023,99,Carrera de la Ermita,30/08/2023,https://www.idealista.com/data/app/cid/UEtqc0dBMjNKcUxSMEh6bEt5N2U4UT09,1,3
,102504184,,102,,40.367071,122,2197,,1,https://www.idealista.com/102504184,,,0,3,False,2,4,28813,100,,14/11/2023,0-EU-ES-28-05-008-116,3,False,,2811601001,175000,27,Pozuelo del Rey,,28116,,,36568057,0,2,1185,3,-3.3223858,1,Madrid,Calle,1,0.3035666418025,1750,False,09/09/2023,66,3 de Abril,14/11/2023,https://www.idealista.com/data/app/cid/ZTVEcC9XT2IwWVh0WVpyUXZiN205dz09,1,2
,101726962,,130,123,40.3646958,74,2273,,1,https://www.idealista.com/101726962,1950,,100,3,False,2,4,28813,123,,27/11/2023,0-EU-ES-28-05-008-116,,False,,2811601001,111000,12,Pozuelo del Rey,bj,28116,,V,35856414,75,2,1185,2,-3.3191327,2,Madrid,Calle,1,0.3035666418025,902.44,,13/06/2023,167,Nueva,27/11/2023,https://www.idealista.com/data/app/cid/UFlYc2Fpakp0WnA5NS8wOUE0OWVPUT09,1,2
,103069334,,134,,40.3645161,0,32,,1,https://www.idealista.com/103069334,1995,,100,3,False,2,4,28813,105,,05/12/2023,0-EU-ES-28-05-008-116,,False,,2811601001,160000,0,Pozuelo del Rey,,28116,,,37085512,100,4,1185,2,-3.3223045,3,Madrid,,0,0.3035666418025,1523.81,False,04/11/2023,31,,05/12/2023,https://www.idealista.com/data/app/cid/WWFlbGlyd1dMTGdhYVhUZC9oQ0VYUT09,1,2
,102206329,,242,,40.3699551,20,412,,1,https://www.idealista.com/102206329,,,0,3,,2,4,28813,118,,24/08/2023,0-EU-ES-28-05-008-116,,,,2811601001,150000,4,Pozuelo del Rey,,28116,,,36295124,0,2,1185,2,-3.3205254,2,Madrid,Ronda,0,0.3035666418025,1271.19,True,02/08/2023,22,DE LA ERMITA,24/08/2023,https://www.idealista.com/data/app/cid/V3VoTERUYjhZMm8wcXhvU0tVNzIwUT09,1,2
,103724495,,271,,40.3676231,10,297,,1,https://www.idealista.com/103724495,,,,3,False,2,4,28813,136,,22/01/2024,0-EU-ES-28-05-008-116,,False,,2811601001,155000,1,Pozuelo del Rey,,28116,,,103724495,,0,1185,3,-3.3193282,2,Madrid,Calle,0,0.3035666418025,1139.71,True,18/01/2024,4,de la Virgen de la Cabeza,22/01/2024,https://www.idealista.com/data/app/cid/Z0l1K25xVjVaUzhjajBGcGZTUStpZz09,1,3
,85344886,,274,261,40.3661639,56,3822,,1,https://www.idealista.com/85344886,2001,3087401VK7638N,100,3,True,2,4,28813,250,3087401VK7638N0001SW,13/12/2023,0-EU-ES-28-05-008-116,2,True,,2811601001,250000,0,Pozuelo del Rey,,28116,,V,21891297,100,4,1185,3,-3.318754,1,Madrid,Calle,0,0.3035666418025,1000,True,07/05/2019,1680,de Santa Ana,13/12/2023,https://www.idealista.com/data/app/cid/cHhYYjdpeFpkUi9YYUlFK1VsWDNwZz09,1,4
,99835188,,297,,40.3687457,284,5170,,1,https://www.idealista.com/99835188,2008,2889029VK7628N,73,3,True,2,4,28813,150,,24/01/2024,0-EU-ES-28-05-008-116,47,True,,2811601001,196000,37,Pozuelo del Rey,,28116,,,34180909,73,3,1185,3,-3.3208909,1,Madrid,Ronda,4,0.3035666418025,1306.67,True,05/12/2022,415,de la Ermita,24/01/2024,https://www.idealista.com/data/app/cid/eTg3d2RtQW1kTVNKZmlVeUo1WlZTQT09,1,3
,102559170,,381,,40.3652787,0,2,,1,https://www.idealista.com/102559170,,,0,3,False,2,4,28813,145,,26/09/2023,0-EU-ES-28-05-008-116,,True,,2811601001,250000,0,Pozuelo del Rey,1,28116,,,36617934,0,3,1185,4,-3.3186107,3,Madrid,,0,0.3035666418025,1724.14,,15/09/2023,11,,26/09/2023,https://www.idealista.com/data/app/cid/aEoxYzNqeWVWMWVwWlNDWmR1Wnpadz09,1,3
,102561057,,438,139,40.3656317,70,2759,,1,https://www.idealista.com/102561057,2006,,100,3,False,2,4,28813,145,,25/09/2023,0-EU-ES-28-05-008-116,,True,,2811601001,250000,4,Pozuelo del Rey,1,28116,,V,36619735,75,3,1185,4,-3.3179977,3,Madrid,,0,0.3035666418025,1724.14,False,15/09/2023,10,,25/09/2023,https://www.idealista.com/data/app/cid/T1FRdDQwclFtTmM2bUZVYjYzMXJVdz09,1,3
,99113276,,454,254,40.3678277,167,3607,,1,https://www.idealista.com/99113276,2006,,100,3,True,2,4,28813,236,,04/08/2023,0-EU-ES-28-05-008-116,,True,,2811601001,309500,15,Pozuelo del Rey,bj,28116,,V,33519743,75,0,1185,4,-3.3158785,3,Madrid,,0,0.3035666418025,1311.44,True,08/10/2022,299,,04/08/2023,https://www.idealista.com/data/app/cid/S3UyZ3BDemNucWFTZW1tOWJqV3Bpdz09,1,2
,103132546,,677,179,40.3679874,2,636,,1,https://www.idealista.com/103132546,2005,,100,2,,2,3,28813,125,,16/11/2023,0-EU-ES-28-05-008-116,,,,2811601001,207600,1,Pozuelo del Rey,,28116,,V,37143030,75,3,1185,3,-3.3135689,2,Madrid,Desconocida,0,0.3035666418025,1660.8,,10/11/2023,84,FLOR DE LA MANCHA,,https://www.idealista.com/data/app/cid/cEV4eDBjY3FuVlVXMWhOamF0MS9oUT09,1,2
,103129955,,677,179,40.3665883,10,870,,1,https://www.idealista.com/103129955,2005,,100,3,False,2,3,28813,124,,02/02/2024,0-EU-ES-28-05-008-116,,False,,2811601001,207600,3,Pozuelo del Rey,,28116,,V,37140588,75,0,1185,1,-3.3147986,3,Madrid,,0,0.3035666418025,1674.19,False,10/11/2023,84,,,https://www.idealista.com/data/app/cid/K3pZRjMyTFpDZGt0WEhyL1lOS2dxUT09,1,1
,103197395,,719,,40.366236,0,3,,1,https://www.idealista.com/103197395,,,0,3,,2,3,28813,124,,16/11/2023,0-EU-ES-28-05-008-116,,,,2811601001,207600,0,Pozuelo del Rey,,28116,,,37202234,0,0,1185,3,-3.3133171,2,Madrid,Calle,0,0.3035666418025,1674.19,,16/11/2023,78,la Flor de la Mancha,,https://www.idealista.com/data/app/cid/SEZRMXJhUmFER1dlRUM5K3RyWGw3dz09,1,2
,103797675,,719,,40.3671786,0,1,,1,https://www.idealista.com/103797675,,,,2,,2,3,28813,124,,25/01/2024,0-EU-ES-28-05-008-116,,,,2811601001,207600,0,Pozuelo del Rey,,28116,,,103797675,,4,1185,0,-3.3145842,2,Madrid,Calle,0,0.3035666418025,1674.19,,25/01/2024,8,la Flor de la Mancha,,https://www.idealista.com/data/app/cid/OC9yM3dxUmZBdndGc2VNbTVWczViZz09,1,0
,96937125,,738,173,40.3674471,0,1,,1,https://www.idealista.com/96937125,2005,,100,3,False,2,4,28813,173,,02/02/2024,0-EU-ES-28-05-008-116,,False,,2811601001,215000,0,Pozuelo del Rey,,28116,,V,31484373,75,3,1185,4,-3.3149075,3,Madrid,,0,0.3035666418025,1242.77,True,03/03/2022,701,,02/02/2024,https://www.idealista.com/data/app/cid/MU4zYmxwZCt5UFZobmRVckQrdEhudz09,1,3
