newdevelopment_commercialname,ad_id,ad_haslift,distance,property_area,ad_latitude,adstats_savedasfavorite,adstats_visits,ad_flatlocation,ad_propertytype,ad_urlactive,property_builtdate,estate_cadastralroot,address_certainty,ad_builttype,ad_hasboxroom,ad_typology,ad_state,ad_postalcode,ad_area,property_cadastralreference,ad_modificationdate,ad_layerlocation,ad_streetnumber,ad_hasswimmingpool,newdevelopment_averageprice,censustract_id,ad_price,adstats_contactsbyemail,ad_town,ad_floornumber,censustract_town_id,newdevelopment_fromprice,property_use,id,cadastral_certainty,ad_subtypology,layerlocation_population,ad_roomnumber,ad_longitude,ad_addressvisible,ad_province,ad_streettype,adstats_sendtofriend,layerlocation_area,ad_unitprice,ad_hasparkingspace,ad_activationdate,adstats_daysonmarket,ad_streetname,ad_deactivationdate,ad_urlinactive,ad_operation,ad_bathnumber
,103199304,,21,110,41.1069009,50,1294,,1,https://www.idealista.com/103199304,2012,,100,3,True,2,4,28755,130,,15/12/2023,0-EU-ES-28-01-006-126,,,,2812601001,135000,7,Robregordo,,28126,,V,37204070,75,2,53,2,-3.5951587,3,Madrid,,1,0.18033267287874,1038.46,,16/11/2023,28,,15/12/2023,https://www.idealista.com/data/app/cid/aHFQUUR1WUpOY2cvVEo3REEzSXI1Zz09,1,2
,99922959,,49,0,41.1070169,108,2856,,1,https://www.idealista.com/99922959,0,0310810VL5501S,100,3,False,2,3,28755,136,0310810VL5501S0001GE,20/09/2023,0-EU-ES-28-01-006-126,4,False,,2812601001,89500,9,Robregordo,bj,28126,,M,34259600,75,0,53,4,-3.5935106,1,Madrid,Calle,0,0.18033267287874,658.09,,15/12/2022,413,de la Iglesia,,https://www.idealista.com/data/app/cid/M2g1YW9lRFZSb3d1N2Eya3gvM1Erdz09,1,1
,102982335,,62,110,41.107071,44,757,,1,https://www.idealista.com/102982335,2012,0310301VL5501S,100,3,True,2,4,28755,130,0310301VL5501S0001PE,16/11/2023,0-EU-ES-28-01-006-126,74,False,,2812601001,135000,3,Robregordo,,28126,,V,37006202,75,4,53,2,-3.592891,1,Madrid,Calle,0,0.18033267287874,1038.46,False,26/10/2023,21,del Real,16/11/2023,https://www.idealista.com/data/app/cid/dTNyWXJmMGQ3c3dEL3NTaFVoVkRrUT09,1,2
,84878241,,76,136,41.1058729,506,21931,,1,https://www.idealista.com/84878241,1920,,100,3,,2,3,28755,136,,08/01/2024,0-EU-ES-28-01-006-126,,,,2812601001,80000,30,Robregordo,,28126,,V,21794213,100,2,53,5,-3.5915694,3,Madrid,,5,0.18033267287874,588.24,False,30/03/2019,1543,,21/06/2023,https://www.idealista.com/data/app/cid/dUtnVHpFT0xjUGxOcDk0MzJPWWNuUT09,1,1
,101289008,,91,200,41.1072263,38,3319,,1,https://www.idealista.com/101289008,1950,,100,3,True,2,3,28755,200,,01/01/2024,0-EU-ES-28-01-006-126,,,,2812601001,150000,4,Robregordo,,28126,,V,35465052,75,4,53,7,-3.595105,2,Madrid,Calle,0,0.18033267287874,750,,03/05/2023,0,Jardines,03/05/2023,https://www.idealista.com/data/app/cid/Rmw4Vyt1MFB5S2tyc0Q5U0JxZ2lEZz09,1,2
,98892769,,95,189,41.1065906,297,7450,,1,https://www.idealista.com/98892769,1920,,92,3,True,2,4,28755,189,,25/11/2023,0-EU-ES-28-01-006-126,,False,,2812601001,111000,20,Robregordo,,28126,,V,33316755,75,4,53,5,-3.5944109,3,Madrid,,3,0.18033267287874,587.3,,21/09/2022,430,,25/11/2023,https://www.idealista.com/data/app/cid/R1hic2ZleVRaQ0cxWFp0ZE1zaVBOdz09,1,1
