newdevelopment_commercialname,ad_id,ad_haslift,distance,property_area,ad_latitude,adstats_savedasfavorite,adstats_visits,ad_flatlocation,ad_propertytype,ad_urlactive,property_builtdate,estate_cadastralroot,address_certainty,ad_builttype,ad_hasboxroom,ad_typology,ad_state,ad_postalcode,ad_area,property_cadastralreference,ad_modificationdate,ad_layerlocation,ad_streetnumber,ad_hasswimmingpool,newdevelopment_averageprice,censustract_id,ad_price,adstats_contactsbyemail,ad_town,ad_floornumber,censustract_town_id,newdevelopment_fromprice,property_use,id,cadastral_certainty,ad_subtypology,layerlocation_population,ad_roomnumber,ad_longitude,ad_addressvisible,ad_province,ad_streettype,adstats_sendtofriend,layerlocation_area,ad_unitprice,ad_hasparkingspace,ad_activationdate,adstats_daysonmarket,ad_streetname,ad_deactivationdate,ad_urlinactive,ad_operation,ad_bathnumber
,99122687,,157,,40.5973264,590,8697,,1,https://www.idealista.com/99122687,,,0,3,True,2,4,28296,150,,05/10/2023,0-EU-ES-28-03-012-135,,,,2813501001,190000,42,Santa María de la Alameda,,28135,,,33528625,0,4,1238,3,-4.2602149,2,Madrid,Desconocida,2,0.73199555078369,1266.67,,10/10/2022,360,Cervunillo,05/10/2023,https://www.idealista.com/data/app/cid/WGRKdElCcDM0MktxTjJ1UmJ4THRadz09,1,2
,88723692,,157,,40.5958264,161,9126,,1,https://www.idealista.com/88723692,,,0,3,True,2,3,28296,150,,31/01/2024,0-EU-ES-28-03-012-135,,,,2813501001,228000,24,Santa María de la Alameda,,28135,,,23651383,0,4,1238,4,-4.2602149,2,Madrid,Desconocida,2,0.73199555078369,1520,True,18/02/2020,1442,Sauce,31/01/2024,https://www.idealista.com/data/app/cid/ZlgxZzVhcEVxU0V3UWs5Qk01V1JDQT09,1,2
,94788812,,157,,40.5963264,540,12566,,1,https://www.idealista.com/94788812,,,0,3,False,2,4,28296,160,,03/09/2023,0-EU-ES-28-03-012-135,10,False,,2813501001,190000,59,Santa María de la Alameda,,28135,,,29430617,0,4,1238,3,-4.2596149,1,Madrid,Calle,11,0.73199555078369,1187.5,False,16/07/2021,779,cervunillo,03/09/2023,https://www.idealista.com/data/app/cid/d0FnK21JNVkwM0dOMDMwN0poYStYZz09,1,2
,1656969,,208,106,40.5938253,564,26399,,1,https://www.idealista.com/1656969,2000,3748613UK9934N,100,3,False,2,3,28296,185,3748613UK9934N0001WY,02/02/2024,0-EU-ES-28-03-012-135,12,False,,2813501001,180000,85,Santa María de la Alameda,,28135,,V,20823374,100,2,1238,3,-4.2579075,1,Madrid,Calle,21,0.73199555078369,972.97,False,13/04/2008,5645,Ave Maria,28/09/2023,https://www.idealista.com/data/app/cid/eHVLTDBPNi8wZEJPWjA1VFd2NGpwQT09,1,2
,100378115,,454,250,40.599349,65,1815,,1,https://www.idealista.com/100378115,1977,3552001UK9935S,100,3,True,2,4,28296,275,3552001UK9935S0001PI,19/11/2023,0-EU-ES-28-03-012-135,7,False,,2813501001,349000,3,Santa María de la Alameda,,28135,,V,34656778,75,4,1238,4,-4.2603763,1,Madrid,Calle,0,0.73199555078369,1269.09,True,03/02/2023,288,Salvador Dalí,19/11/2023,https://www.idealista.com/data/app/cid/enJmMkJET3hwRDdyTEZ2cHBEWGhRUT09,1,3
,103802268,,2838,,40.5727781,7,272,,1,https://www.idealista.com/103802268,,,,2,,2,3,28296,174,,25/01/2024,0-EU-ES-28-03-012-135,,,,2813501001,193000,0,Santa María de la Alameda,,28135,,,103802268,,4,1238,3,-4.2715377,2,Madrid,Desconocida,0,0.73199555078369,1109.2,True,25/01/2024,7,HUERTAS,,https://www.idealista.com/data/app/cid/YmYraEpKL1hTdjZtdVZlMHVQM25Vdz09,1,1
,102161430,,2838,176,40.5727849,0,94,,1,https://www.idealista.com/102161430,2012,,95,3,,2,3,28297,174,,27/07/2023,0-EU-ES-28-03-012-135,,,,2813501001,187000,0,Santa María de la Alameda,,28135,,V,36253145,75,4,1238,3,-4.2688491,2,Madrid,Calle,0,0.73199555078369,1074.71,,27/07/2023,190,huertas,,https://www.idealista.com/data/app/cid/RW1IQ3hTTFM5Sk5FWmNFS1lKY1hmdz09,1,1
,102784284,,2838,176,40.5705174,113,3268,,1,https://www.idealista.com/102784284,2012,,95,3,True,2,3,28297,174,,23/11/2023,0-EU-ES-28-03-012-135,,,,2813501001,193000,8,Santa María de la Alameda,,28135,,V,36823217,75,4,1238,3,-4.2714828,2,Madrid,Desconocida,2,0.73199555078369,1109.2,True,06/10/2023,119,huertas,,https://www.idealista.com/data/app/cid/T3IxZThaVmorY2RiWkdBclZRS3JPQT09,1,1
,98903448,,2878,,40.5720987,456,10898,,1,https://www.idealista.com/98903448,,,0,3,,2,4,28296,104,,02/01/2024,0-EU-ES-28-03-012-135,,False,,2813501001,174000,43,Santa María de la Alameda,,28135,,,33326733,0,4,1238,4,-4.2663609,3,Madrid,,4,0.73199555078369,1673.08,True,21/09/2022,467,,02/01/2024,https://www.idealista.com/data/app/cid/dkc1Z1lmVndTY3A4K1BFMjVFb3lsQT09,1,1
,99816651,,2880,,40.5708847,38,2527,,1,https://www.idealista.com/99816651,,,,3,False,2,3,28296,173,,02/02/2024,0-EU-ES-28-03-012-135,,False,,2813501001,193000,7,Santa María de la Alameda,,28135,,,99816651,,0,1238,3,-4.2723357,3,Madrid,,0,0.73199555078369,1115.61,False,02/12/2022,427,,,https://www.idealista.com/data/app/cid/dTNvdFhRYml3b1F5RmwvYjhoNk9aZz09,1,1
,103797354,,2881,,40.5709347,0,5,,1,https://www.idealista.com/103797354,,,,2,,2,3,28296,173,,25/01/2024,0-EU-ES-28-03-012-135,,,,2813501001,193000,0,Santa María de la Alameda,,28135,,,103797354,,4,1238,3,-4.2714806,2,Madrid,Calle,0,0.73199555078369,1115.61,,25/01/2024,8,de las Huertas,,https://www.idealista.com/data/app/cid/VUNYaXhFM0Y3V3paRjkwTWp6VlhQUT09,1,1
,102758607,,2881,,40.5728004,0,9,,1,https://www.idealista.com/102758607,,,0,3,,2,3,28296,173,,16/11/2023,0-EU-ES-28-03-012-135,,,,2813501001,193000,0,Santa María de la Alameda,,28135,,,36800932,0,0,1238,3,-4.2723405,2,Madrid,Calle,0,0.73199555078369,1115.61,,04/10/2023,28,de las Huertas,02/11/2023,https://www.idealista.com/data/app/cid/ZGdyTnhYeGNpZUcyaUYrKzhuZXY2QT09,1,1
,81596921,,2888,175,40.57195,390,7668,,1,https://www.idealista.com/81596921,2008,2422104UK9922S,100,3,True,2,3,28296,175,2422104UK9922S0001MX,08/01/2024,0-EU-ES-28-03-012-135,10,,,2813501001,243000,33,Santa María de la Alameda,,28135,,V,16396677,100,4,1238,3,-4.27179,1,Madrid,Desconocida,9,0.73199555078369,1388.57,False,28/06/2018,401,huertas,04/08/2019,https://www.idealista.com/data/app/cid/R01xWThKSnRsNnFVeFF0VForKzNqdz09,1,3
,103867980,,2935,,40.5683367,12,250,,1,https://www.idealista.com/103867980,,,,2,True,2,3,28296,104,,01/02/2024,0-EU-ES-28-03-012-135,,,,2813501001,195000,0,Santa María de la Alameda,,28135,,,103867980,,4,1238,4,-4.2677876,3,Madrid,,0,0.73199555078369,1875,True,01/02/2024,1,,,https://www.idealista.com/data/app/cid/RlNoekFyQXJtdlZPMjBiQjZOYW5rdz09,1,1
,101299035,,2992,127,40.6206273,808,11734,,1,https://www.idealista.com/101299035,1995,,100,3,,2,4,28296,127,,03/11/2023,0-EU-ES-28-03-012-135,,,,2813501001,125000,42,Santa María de la Alameda,,28135,,V,35473466,75,3,1238,3,-4.2752255,2,Madrid,Plaza,6,0.73199555078369,984.25,True,04/05/2023,182,de los Bueyes,03/11/2023,https://www.idealista.com/data/app/cid/YzZ4QmVia1NseUowL1ZBdWcyMDFidz09,1,4
,102419770,,3071,277,40.5695834,64,1568,,1,https://www.idealista.com/102419770,2010,,94,3,True,2,3,28296,277,,19/12/2023,0-EU-ES-28-03-012-135,,,,2813501001,272000,5,Santa María de la Alameda,,28135,,V,36491222,75,4,1238,4,-4.256536,3,Madrid,,0,0.73199555078369,981.95,True,31/08/2023,109,,19/12/2023,https://www.idealista.com/data/app/cid/Tit1MUhGRzRHajYyVHN0Q1lLM1BjQT09,1,2
,87137810,,3072,277,40.5680762,167,6234,,1,https://www.idealista.com/87137810,2010,3519018UK9931N,100,3,True,2,4,28296,300,3519018UK9931N0001IQ,23/08/2023,0-EU-ES-28-03-012-135,1,False,,2813501001,279900,29,Santa María de la Alameda,,28135,,V,20537715,100,4,1238,4,-4.2585441,1,Madrid,Calle,4,0.73199555078369,933,True,29/09/2019,1423,Ronda,23/08/2023,https://www.idealista.com/data/app/cid/QytJS0pTRG1sWDhjL0sxWjAvcFl3QT09,1,2
,102715001,,3077,253,40.5681965,144,1187,,1,https://www.idealista.com/102715001,1970,,95,3,True,2,4,28296,140,,04/10/2023,0-EU-ES-28-03-012-135,,True,,2813501001,135000,12,Santa María de la Alameda,,28135,,V,36761314,75,4,1238,3,-4.2714504,3,Madrid,,0,0.73199555078369,964.29,False,29/09/2023,4,,04/10/2023,https://www.idealista.com/data/app/cid/YkRCeEtIRlJYR0VJM2UrM2tuTW9LQT09,1,1
,100491064,,3092,123,40.5690446,265,4340,,1,https://www.idealista.com/100491064,1970,,95,3,,2,4,28297,123,,01/09/2023,0-EU-ES-28-03-012-135,,,,2813501001,130000,26,Santa María de la Alameda,,28135,,V,34755464,75,4,1238,2,-4.2599266,2,Madrid,Avenida,1,0.73199555078369,1056.91,,14/02/2023,199,de la Parra,01/09/2023,https://www.idealista.com/data/app/cid/VldMQ2hmVlJUTzlkbkZ3OUN0UDRwZz09,1,1
,30274034,,3223,171,40.5679976,198,6049,,1,https://www.idealista.com/30274034,2004,2516630UK9921N,100,3,False,2,4,28296,211,2516630UK9921N0001SB,30/09/2023,0-EU-ES-28-03-012-135,2,False,,2813501001,195000,35,Santa María de la Alameda,,28135,,V,20908437,100,4,1238,3,-4.2691947,1,Madrid,Calle,3,0.73199555078369,924.17,False,10/05/2015,3065,Umbría Peralejo,30/09/2023,https://www.idealista.com/data/app/cid/b1ZqZEF5SC9GalhPN0tLZit3YVBoZz09,1,2
,81886963,,3283,,40.5675104,588,15899,,1,https://www.idealista.com/81886963,,,100,3,True,2,4,28297,146,,09/08/2023,0-EU-ES-28-03-012-135,0,,,2813501001,195000,63,Santa María de la Alameda,,28135,,,21408497,0,4,1238,3,-4.2695075,1,Madrid,Calle,7,0.73199555078369,1335.62,True,26/07/2018,1839,Umbría de Peralejo,09/08/2023,https://www.idealista.com/data/app/cid/MGRUanNnUDI0ck9qQzdxcEtwelo4dz09,1,2
,101613319,,3300,134,40.5661648,238,4669,,1,https://www.idealista.com/101613319,1978,,70,3,True,2,4,28296,134,,21/11/2023,0-EU-ES-28-03-012-135,,,,2813501001,160000,22,Santa María de la Alameda,,28135,,V,35753384,75,4,1238,3,-4.2640638,3,Madrid,,3,0.73199555078369,1194.03,True,01/06/2023,172,,21/11/2023,https://www.idealista.com/data/app/cid/RDI1UWxqUUZWWEtObGdreEZOaVRpQT09,1,1
,100396359,,3325,,40.5655026,125,2990,,1,https://www.idealista.com/100396359,2008,,95,3,,2,4,28297,108,,19/08/2023,0-EU-ES-28-03-012-135,,,,2813501001,190000,10,Santa María de la Alameda,,28135,,,34673290,95,4,1238,3,-4.263075,2,Madrid,Desconocida,0,0.73199555078369,1759.26,False,06/02/2023,193,Arboleda,19/08/2023,https://www.idealista.com/data/app/cid/TW1LQkVYSEt5UzJIV0dxQWVJcWRKUT09,1,2
,101572764,,3339,191,40.5663395,20,1459,,1,https://www.idealista.com/101572764,2001,2815208UK9921N,94,3,False,2,3,28296,191,2815208UK9921N0001AB,06/01/2024,0-EU-ES-28-03-012-135,10,False,,2813501001,269000,16,Santa María de la Alameda,,28135,,V,35715375,75,4,1238,7,-4.266287,1,Madrid,Calle,0,0.73199555078369,1408.38,False,30/05/2023,248,Chopo,,https://www.idealista.com/data/app/cid/WEpZcXNzbE9PMmdhaUlwTnF2a3VJZz09,1,2
,100779282,,3371,,40.5676825,266,3596,,1,https://www.idealista.com/100779282,,,0,3,True,2,4,28296,158,,30/10/2023,0-EU-ES-28-03-012-135,,False,,2813501001,192500,24,Santa María de la Alameda,,28135,,,35011225,0,4,1238,3,-4.268841,2,Madrid,Desconocida,8,0.73199555078369,1218.35,True,13/03/2023,231,UMBRÍA DE PERALEJO,30/10/2023,https://www.idealista.com/data/app/cid/Y01pYWlUUTdmcndrbjRmSFVkNHlhZz09,1,2
,93905849,,3374,,40.5647897,252,9041,,1,https://www.idealista.com/93905849,,,0,3,True,2,4,28297,213,,01/02/2024,0-EU-ES-28-03-012-135,,,,2813501001,215000,16,Santa María de la Alameda,,28135,,,28584345,0,4,1238,4,-4.269491,3,Madrid,,1,0.73199555078369,1009.39,True,01/05/2021,1006,,01/02/2024,https://www.idealista.com/data/app/cid/NHlYWHhZa2U5ckZTdnVESGRITWhJQT09,1,3
,95635177,,3392,,40.5666066,384,9272,,1,https://www.idealista.com/95635177,,,0,3,True,2,3,28296,250,,15/06/2023,0-EU-ES-28-03-012-135,,,,2813501001,249000,23,Santa María de la Alameda,,28135,,,30237167,0,4,1238,5,-4.2703223,3,Madrid,,7,0.73199555078369,996,True,19/10/2021,272,,19/07/2022,https://www.idealista.com/data/app/cid/TTRUVmd1R1Y0aFZkRVpRU0FUYk5BQT09,1,2
,97479784,,3394,,40.5684708,354,7964,,1,https://www.idealista.com/97479784,,,0,3,False,2,3,28296,213,,19/01/2024,0-EU-ES-28-03-012-135,,False,,2813501001,215000,19,Santa María de la Alameda,,28135,,,31995554,0,4,1238,3,-4.2694528,3,Madrid,,14,0.73199555078369,1009.39,True,27/04/2022,645,,,https://www.idealista.com/data/app/cid/ZnBkU0pURzJFNU9IdVhQdncvOERRQT09,1,2
,103308553,,3411,0,40.5651641,158,2476,,1,https://www.idealista.com/103308553,0,,96,3,True,2,3,28297,158,,01/02/2024,0-EU-ES-28-03-012-135,,,,2813501001,189900,19,Santa María de la Alameda,,28135,,M,37303947,75,4,1238,3,-4.2676866,2,Madrid,Desconocida,2,0.73199555078369,1201.9,True,28/11/2023,66,Umbría de Peralejo,,https://www.idealista.com/data/app/cid/a2Z6a1Y2L3dqV1o4d1VUTGIwVXlzUT09,1,2
,102244256,,3654,,40.5662719,222,3432,,1,https://www.idealista.com/102244256,,,0,2,True,2,4,28296,108,,09/01/2024,0-EU-ES-28-03-012-135,,,,2813501001,99000,33,Santa María de la Alameda,,28135,,,36329667,0,4,1238,4,-4.2831326,3,Madrid,,3,0.73199555078369,916.67,True,07/08/2023,55,,01/10/2023,https://www.idealista.com/data/app/cid/T1FLRURDSFVJV1hyNTFvMUhwSHdrUT09,1,1
