newdevelopment_commercialname,ad_id,ad_haslift,distance,property_area,ad_latitude,adstats_savedasfavorite,adstats_visits,ad_flatlocation,ad_propertytype,ad_urlactive,property_builtdate,estate_cadastralroot,address_certainty,ad_builttype,ad_hasboxroom,ad_typology,ad_state,ad_postalcode,ad_area,property_cadastralreference,ad_modificationdate,ad_layerlocation,ad_streetnumber,ad_hasswimmingpool,newdevelopment_averageprice,censustract_id,ad_price,adstats_contactsbyemail,ad_town,ad_floornumber,censustract_town_id,newdevelopment_fromprice,property_use,id,cadastral_certainty,ad_subtypology,layerlocation_population,ad_roomnumber,ad_longitude,ad_addressvisible,ad_province,ad_streettype,adstats_sendtofriend,layerlocation_area,ad_unitprice,ad_hasparkingspace,ad_activationdate,adstats_daysonmarket,ad_streetname,ad_deactivationdate,ad_urlinactive,ad_operation,ad_bathnumber
,30084431,,127,166,40.2121765,45,5730,,1,https://www.idealista.com/30084431,2007,3415702VK8531N,100,3,True,2,4,28594,290,3415702VK8531N0001XT,15/10/2023,0-EU-ES-28-05-007-155,19,False,,2815501001,165000,28,Valdaracete,,28155,,V,20905168,100,4,678,3,-3.1953431,1,Madrid,Calle,0,0.63032179923874,568.97,True,09/04/2015,3110,de la Iglesia,15/10/2023,https://www.idealista.com/data/app/cid/RXVQSTg5eFZuWDZSeFhxTVpydVJ3Zz09,1,3
,102758506,,352,125,40.2086773,143,3408,,1,https://www.idealista.com/102758506,1970,,100,3,False,2,4,28594,125,,02/02/2024,0-EU-ES-28-05-007-155,,False,,2815501001,75500,34,Valdaracete,,28155,,V,36800833,75,4,678,4,-3.1904949,3,Madrid,,0,0.63032179923874,604,True,04/10/2023,120,,02/02/2024,https://www.idealista.com/data/app/cid/bU9LRGVOWFdVeVJsUmRxUHV1YlA0UT09,1,1
,102869764,,352,125,40.2104432,59,807,,1,https://www.idealista.com/102869764,1970,,100,3,False,2,4,28594,125,,31/01/2024,0-EU-ES-28-05-007-155,,False,,2815501001,75500,20,Valdaracete,,28155,,V,36902178,75,0,678,4,-3.1926911,3,Madrid,,0,0.63032179923874,604,True,16/10/2023,106,,31/01/2024,https://www.idealista.com/data/app/cid/Z0krbmFrWWtJcis5WlJFYkJpUE9hZz09,1,1
,102582444,,538,,40.2072947,117,1300,,1,https://www.idealista.com/102582444,,,0,2,,2,4,28594,122,,01/02/2024,0-EU-ES-28-05-007-155,,True,,2815501001,85000,4,Valdaracete,,28155,,,36639984,0,4,678,4,-3.1968286,2,Madrid,Camino,1,0.63032179923874,696.72,True,18/09/2023,136,de los Quemados,01/02/2024,https://www.idealista.com/data/app/cid/SUJwN00xUm5MWWVCdE1QUjBRcis1QT09,1,1
