newdevelopment_commercialname,ad_id,ad_haslift,distance,property_area,ad_latitude,adstats_savedasfavorite,adstats_visits,ad_flatlocation,ad_propertytype,ad_urlactive,property_builtdate,estate_cadastralroot,address_certainty,ad_builttype,ad_hasboxroom,ad_typology,ad_state,ad_postalcode,ad_area,property_cadastralreference,ad_modificationdate,ad_layerlocation,ad_streetnumber,ad_hasswimmingpool,newdevelopment_averageprice,censustract_id,ad_price,adstats_contactsbyemail,ad_town,ad_floornumber,censustract_town_id,newdevelopment_fromprice,property_use,id,cadastral_certainty,ad_subtypology,layerlocation_population,ad_roomnumber,ad_longitude,ad_addressvisible,ad_province,ad_streettype,adstats_sendtofriend,layerlocation_area,ad_unitprice,ad_hasparkingspace,ad_activationdate,adstats_daysonmarket,ad_streetname,ad_deactivationdate,ad_urlinactive,ad_operation,ad_bathnumber
,103465097,,169,287,40.7998448,10,694,,1,https://www.idealista.com/103465097,1980,,100,3,False,2,3,28729,287,,31/01/2024,0-EU-ES-28-01-017-169,,False,,2816901001,422000,1,Venturada,,28169,,V,37447255,75,4,1354,5,-3.6200725,3,Madrid,,0,0.069833829902182,1470.38,True,16/12/2023,48,,,https://www.idealista.com/data/app/cid/QmlsbnVpWWU1TjBHRVZ2R1pBSnRsUT09,1,3
,102898439,,198,158,40.7983901,0,,,1,https://www.idealista.com/102898439,2005,7468211VL4176N,100,3,True,2,4,28729,158,7468211VL4176N0001XU,24/10/2023,0-EU-ES-28-01-017-169,16,,,2816901001,280000,,Venturada,,28169,,V,36929375,75,3,1354,3,-3.6244607,1,Madrid,Desconocida,0,0.069833829902182,1772.15,True,18/10/2023,5,placer de ver,24/10/2023,https://www.idealista.com/data/app/cid/a2J0bnJMdGt4bVp5a0pwRm9Nckhvdz09,1,3
,103126720,,273,268,40.79981,32,1367,,1,https://www.idealista.com/103126720,2007,,100,3,True,2,3,28729,268,,02/01/2024,0-EU-ES-28-01-017-169,,,,2816901001,320000,5,Venturada,,28169,,V,37137575,75,2,1354,3,-3.6206176,2,Madrid,Calle,0,0.069833829902182,1194.03,True,09/11/2023,84,Cabozo,,https://www.idealista.com/data/app/cid/bk9iWEZCM2g1cm9NNE9XN0V5TUdxdz09,1,3
,89999658,,296,188,40.8021996,18,116,,1,https://www.idealista.com/89999658,2008,,100,3,True,2,4,28729,213,,01/09/2023,0-EU-ES-28-01-017-169,,,,2816901001,360000,1,Venturada,,28169,,V,24862818,75,4,1354,4,-3.6233622,3,Madrid,,0,0.069833829902182,1690.14,True,22/06/2020,1165,,01/09/2023,https://www.idealista.com/data/app/cid/ZkdUUHhkZmRJbHYrRUxiQWMyU0Z6QT09,1,3
,1647909,,450,158,40.7967642,86,9378,,1,https://www.idealista.com/1647909,2005,7468211VL4176N,85,3,False,2,4,28729,200,7468211VL4176N0001XU,18/10/2023,0-EU-ES-28-01-017-169,16,True,,2816901001,280000,35,Venturada,,28169,,V,20822983,100,3,1354,3,-3.617442,1,Madrid,Calle,0,0.069833829902182,1400,True,09/02/2008,5730,Placer de Ver,18/10/2023,https://www.idealista.com/data/app/cid/NUtIUEJxcjhDajkyNHNvNW85VXM5dz09,1,3
,103550435,,495,,40.8026436,124,2263,,1,https://www.idealista.com/103550435,,,0,3,True,2,4,28729,150,,24/01/2024,0-EU-ES-28-01-017-169,17,True,,2816901001,249000,41,Venturada,,28169,,,37526388,0,4,1354,3,-3.6248936,1,Madrid,Calle,0,0.069833829902182,1660,True,29/12/2023,26,San Juan Bautista,24/01/2024,https://www.idealista.com/data/app/cid/TFZ5VGlObkZXQW0zVUpxWHFTUEwvQT09,1,2
,101801207,,701,166,40.8010884,114,2686,,1,https://www.idealista.com/101801207,1990,,100,3,True,2,3,28729,235,,01/01/2024,0-EU-ES-28-01-017-169,,,,2816901001,350000,8,Venturada,,28169,,V,35924388,75,4,1354,5,-3.6272791,2,Madrid,Avenida,0,0.069833829902182,1489.36,True,03/10/2023,122,de Navalafuente,,https://www.idealista.com/data/app/cid/TkdrUHhFY0kzVE1GbjAyUXN6dTBmUT09,1,4
