newdevelopment_commercialname,ad_id,ad_haslift,distance,property_area,ad_latitude,adstats_savedasfavorite,adstats_visits,ad_flatlocation,ad_propertytype,ad_urlactive,property_builtdate,estate_cadastralroot,address_certainty,ad_builttype,ad_hasboxroom,ad_typology,ad_state,ad_postalcode,ad_area,property_cadastralreference,ad_modificationdate,ad_layerlocation,ad_streetnumber,ad_hasswimmingpool,newdevelopment_averageprice,censustract_id,ad_price,adstats_contactsbyemail,ad_town,ad_floornumber,censustract_town_id,newdevelopment_fromprice,property_use,id,cadastral_certainty,ad_subtypology,layerlocation_population,ad_roomnumber,ad_longitude,ad_addressvisible,ad_province,ad_streettype,adstats_sendtofriend,layerlocation_area,ad_unitprice,ad_hasparkingspace,ad_activationdate,adstats_daysonmarket,ad_streetname,ad_deactivationdate,ad_urlinactive,ad_operation,ad_bathnumber
,103027846,False,182,,40.3359799,11,638,1,1,https://www.idealista.com/103027846,1994,,100,3,True,1,4,28512,104,,01/02/2024,0-EU-ES-28-05-008-179,,False,,2817901001,128500,2,Villar del Olmo,1,28179,,,37047457,100,,1990,3,-3.2388036,3,Madrid,,0,0.26132428653669,1235.58,True,31/10/2023,92,,01/02/2024,https://www.idealista.com/data/app/cid/SmVpSjdHb2ZnZk1HTGlDNkdnNlBFQT09,1,3
,101781213,,72,,40.3370994,76,2047,,1,https://www.idealista.com/101781213,,,0,2,True,2,3,28512,190,,02/02/2024,0-EU-ES-28-05-008-179,29,False,,2817901001,170000,16,Villar del Olmo,,28179,,,35906325,0,2,1990,4,-3.2362285,1,Madrid,Calle,1,0.26132428653669,894.74,True,19/06/2023,228,Fragua,,https://www.idealista.com/data/app/cid/QUpnaHZZajFnVDArNmsyeXBoZVJ6QT09,1,4
,101132415,,175,125,40.3382131,137,2474,,1,https://www.idealista.com/101132415,1979,0255509VK8605N,100,3,True,2,4,28512,125,0255509VK8605N0001PB,25/08/2023,0-EU-ES-28-05-008-179,11,False,,2817901001,155000,19,Villar del Olmo,,28179,,V,35327643,75,3,1990,3,-3.2349465,1,Madrid,Calle,0,0.26132428653669,1240,True,17/04/2023,129,Noria,25/08/2023,https://www.idealista.com/data/app/cid/UTdRNHNnVldxMm5OMW9JdTREUTY0Zz09,1,2
,1824604,,319,,40.333908,563,19457,,1,https://www.idealista.com/1824604,,,0,3,True,2,3,28512,264,,04/12/2023,0-EU-ES-28-05-008-179,25,False,,2817901001,235000,166,Villar del Olmo,,28179,,,20828176,0,4,1990,4,-3.2346643,1,Madrid,Calle,7,0.26132428653669,890.15,False,25/08/2010,2965,Monte,07/10/2018,https://www.idealista.com/data/app/cid/b0V6Rm40bEJFOXoxbkZqL2wvckJwUT09,1,3
,103273733,,571,290,40.3413405,1,464,,1,https://www.idealista.com/103273733,2004,0458902VK8605N,96,3,True,2,3,28512,275,0458902VK8605N0001IB,23/11/2023,0-EU-ES-28-05-008-179,15,True,,2817901001,330000,4,Villar del Olmo,,28179,,V,37270973,75,4,1990,5,-3.232655,1,Madrid,Calle,0,0.26132428653669,1200,True,23/11/2023,70,Joaquín Dos Santos Ferreira,,https://www.idealista.com/data/app/cid/WjhUMXhBM3paLzVGRUtmVTBRQkx2QT09,1,3
