newdevelopment_commercialname,ad_id,ad_haslift,distance,property_area,ad_latitude,adstats_savedasfavorite,adstats_visits,ad_flatlocation,ad_propertytype,ad_urlactive,property_builtdate,estate_cadastralroot,address_certainty,ad_builttype,ad_hasboxroom,ad_typology,ad_state,ad_postalcode,ad_area,property_cadastralreference,ad_modificationdate,ad_layerlocation,ad_streetnumber,ad_hasswimmingpool,newdevelopment_averageprice,censustract_id,ad_price,adstats_contactsbyemail,ad_town,ad_floornumber,censustract_town_id,newdevelopment_fromprice,property_use,id,cadastral_certainty,ad_subtypology,layerlocation_population,ad_roomnumber,ad_longitude,ad_addressvisible,ad_province,ad_streettype,adstats_sendtofriend,layerlocation_area,ad_unitprice,ad_hasparkingspace,ad_activationdate,adstats_daysonmarket,ad_streetname,ad_deactivationdate,ad_urlinactive,ad_operation,ad_bathnumber
,95682220,,75,,40.345645,97,5936,,1,https://www.idealista.com/95682220,,,0,3,,2,3,28609,190,,01/02/2024,0-EU-ES-28-03-009-178,,,,2817801001,214000,16,Villanueva de Perales,,28178,,,30282154,0,0,1448,3,-4.1004628,2,Madrid,Calle,0,0.30545262037125,1126.32,,23/10/2021,783,Carretas,16/12/2023,https://www.idealista.com/data/app/cid/OGRyNzBZb0R5N1Focm9Sb1Y0U0t5Zz09,1,3
,100225253,,88,,40.346677,141,3731,,1,https://www.idealista.com/100225253,,,0,3,True,2,3,28609,190,,07/01/2024,0-EU-ES-28-03-009-178,12,,,2817801001,214000,29,Villanueva de Perales,,28178,,,34523676,0,3,1448,4,-4.1019816,1,Madrid,Desconocida,1,0.30545262037125,1126.32,True,22/01/2023,375,carretas,,https://www.idealista.com/data/app/cid/bjhOQkIyV1ozQ1cvNTJ0WTVzU2dzQT09,1,3
,96002911,,88,,40.3449353,9,725,,1,https://www.idealista.com/96002911,,,0,2,,2,3,28609,187,,02/02/2024,0-EU-ES-28-03-009-178,,,,2817801001,214000,4,Villanueva de Perales,,28178,,,30589952,0,4,1448,3,-4.1007943,3,Madrid,,0,0.30545262037125,1144.39,True,23/11/2021,800,,02/02/2024,https://www.idealista.com/data/app/cid/cncwcElwTktLYnYzbzB5cXVZR2c0dz09,1,3
,98541336,,96,234,40.3475775,129,3021,,1,https://www.idealista.com/98541336,1900,,100,3,True,2,4,28609,194,,29/08/2023,0-EU-ES-28-03-009-178,,True,,2817801001,225000,9,Villanueva de Perales,,28178,,V,32996307,75,2,1448,4,-4.0987764,3,Madrid,,2,0.30545262037125,1159.79,True,12/08/2022,382,,29/08/2023,https://www.idealista.com/data/app/cid/YnVobHpqV3hQR2ZSZW9KNjVyTzBvZz09,1,3
,102409938,,114,,40.3479264,41,1046,,1,https://www.idealista.com/102409938,2010,,100,3,True,2,4,28609,194,,21/01/2024,0-EU-ES-28-03-009-178,,True,,2817801001,240000,4,Villanueva de Perales,,28178,,,36481916,100,2,1448,4,-4.1032049,2,Madrid,Calle,0,0.30545262037125,1237.11,True,30/08/2023,144,Jardines,21/01/2024,https://www.idealista.com/data/app/cid/Sk55dXVZY0x4WWp1M0RkbGtURlo3QT09,1,3
,101299342,,126,,40.3444045,61,1653,,1,https://www.idealista.com/101299342,,,0,3,True,2,4,28609,279,,10/10/2023,0-EU-ES-28-03-009-178,,,,2817801001,269900,4,Villanueva de Perales,,28178,,,35473765,0,4,1448,3,-4.1039076,2,Madrid,Desconocida,0,0.30545262037125,967.38,True,04/05/2023,159,san antonio,10/10/2023,https://www.idealista.com/data/app/cid/azZwMElWSlRvLzBQYWg3UEpKQm0wQT09,1,3
,102942488,,128,,40.3481267,75,2461,,1,https://www.idealista.com/102942488,1993,,100,2,,2,4,28609,120,,17/01/2024,0-EU-ES-28-03-009-178,,,,2817801001,140000,21,Villanueva de Perales,,28178,,,36969258,100,4,1448,3,-4.1012722,3,Madrid,,0,0.30545262037125,1166.67,True,23/10/2023,85,,17/01/2024,https://www.idealista.com/data/app/cid/cm8yWDVJYWxLcjVCRnFoZW81NExMQT09,1,2
,100836595,,138,,40.3462282,26,811,,1,https://www.idealista.com/100836595,2004,6769204VK0666N,100,3,True,2,4,28609,200,,01/08/2023,0-EU-ES-28-03-009-178,34,True,,2817801001,249000,10,Villanueva de Perales,,28178,,,35061289,100,2,1448,3,-4.0997531,1,Madrid,Calle,0,0.30545262037125,1245,True,17/03/2023,136,Jardines,01/08/2023,https://www.idealista.com/data/app/cid/djRHc0F3Zml3cEkxQXFUU0lpNmF1dz09,1,3
,103727028,,139,,40.3475021,71,1499,,1,https://www.idealista.com/103727028,,,,3,True,2,3,28609,131,,24/01/2024,0-EU-ES-28-03-009-178,,,,2817801001,140000,9,Villanueva de Perales,,28178,,,103727028,,3,1448,4,-4.0983785,2,Madrid,Calle,0,0.30545262037125,1068.7,,18/01/2024,14,Real,,https://www.idealista.com/data/app/cid/eWRYclM1d1BNSDBqSU0zQk4xa0d3Zz09,1,2
,102580586,,145,,40.3461408,58,1282,,1,https://www.idealista.com/102580586,2004,6769204VK0666N,100,3,True,2,3,28609,265,,26/01/2024,0-EU-ES-28-03-009-178,34,True,,2817801001,270000,19,Villanueva de Perales,,28178,,,36638239,100,3,1448,3,-4.0997407,1,Madrid,Calle,0,0.30545262037125,1018.87,True,18/09/2023,137,jardines,,https://www.idealista.com/data/app/cid/VDd0SCsydzlDY1BkSWlGbm5HZExadz09,1,3
,101795383,,145,,40.3480338,15,464,,1,https://www.idealista.com/101795383,2004,,100,3,True,2,4,28609,200,,02/10/2023,0-EU-ES-28-03-009-178,,True,,2817801001,255000,2,Villanueva de Perales,,28178,,,35918794,100,2,1448,3,-4.1005452,3,Madrid,,0,0.30545262037125,1275,True,20/06/2023,103,,02/10/2023,https://www.idealista.com/data/app/cid/dThXdTUzbnFTNEhvV0g3b2trMWVsZz09,1,3
,103457681,,145,,40.3461408,28,579,,1,https://www.idealista.com/103457681,2004,6769204VK0666N,100,3,,2,3,28609,265,,18/12/2023,0-EU-ES-28-03-009-178,34,True,,2817801001,270000,2,Villanueva de Perales,,28178,,,37440298,100,3,1448,3,-4.0997402,1,Madrid,Desconocida,0,0.30545262037125,1018.87,True,15/12/2023,49,Jardines,,https://www.idealista.com/data/app/cid/bHpvNERkK3NwaG5sZnQ0OFdPWUNEUT09,1,3
,103376592,,145,,40.3461408,24,499,,1,https://www.idealista.com/103376592,2004,6769204VK0666N,100,3,True,2,4,28609,265,,16/01/2024,0-EU-ES-28-03-009-178,34,True,,2817801001,270000,1,Villanueva de Perales,,28178,,,37366734,100,3,1448,3,-4.0997402,1,Madrid,Desconocida,0,0.30545262037125,1018.87,True,05/12/2023,41,jardines,16/01/2024,https://www.idealista.com/data/app/cid/RFdmVzA1anNSR0VaRS9HYmVVT2k0QT09,1,3
,101814427,,145,,40.3461408,6,297,,1,https://www.idealista.com/101814427,2004,6769204VK0666N,100,3,True,2,4,28609,200,,31/08/2023,0-EU-ES-28-03-009-178,34,True,,2817801001,249000,0,Villanueva de Perales,,28178,,,35935975,100,2,1448,3,-4.0997402,1,Madrid,Calle,0,0.30545262037125,1245,True,21/06/2023,71,Jardines,31/08/2023,https://www.idealista.com/data/app/cid/TVBHZUZOa0xVR3NLSnd2d09HNUg5Zz09,1,3
,100210760,,146,,40.3474147,42,2463,,2,https://www.idealista.com/100210760,1980,6572007VK0667S,100,1,False,2,3,28609,200,,25/05/2023,0-EU-ES-28-03-009-178,20,False,,2817801001,320000,3,Villanueva de Perales,,28178,,,34510575,100,4,1448,3,-4.1026723,1,Madrid,Calle,0,0.30545262037125,1600,False,20/01/2023,378,Chapineria,,https://www.idealista.com/data/app/cid/SEVvYTFzdHJlKzJyTWVCWmpsZGVaQT09,1,3
,100210758,,146,,40.3474147,28,2075,,2,https://www.idealista.com/100210758,1980,6572007VK0667S,100,1,False,2,3,28609,200,,25/05/2023,0-EU-ES-28-03-009-178,20,False,,2817801001,360000,1,Villanueva de Perales,,28178,,,34510573,100,4,1448,3,-4.1026723,1,Madrid,Calle,0,0.30545262037125,1800,False,20/01/2023,378,Chapineria,,https://www.idealista.com/data/app/cid/d05zbmtEejlwdVZwQ1VpampRVW5Ndz09,1,3
,100210692,,146,,40.3474147,34,2009,,2,https://www.idealista.com/100210692,1980,6572007VK0667S,100,1,False,2,3,28609,200,,25/05/2023,0-EU-ES-28-03-009-178,20,False,,2817801001,340000,3,Villanueva de Perales,,28178,,,34510510,100,4,1448,3,-4.1026723,1,Madrid,Calle,0,0.30545262037125,1700,False,20/01/2023,378,Chapineria,,https://www.idealista.com/data/app/cid/eVVsYnlneTcxeWNXc0k5dk5pQ0lmQT09,1,3
,100210734,,146,,40.3474147,91,3308,,2,https://www.idealista.com/100210734,1980,6572007VK0667S,100,1,False,2,3,28609,200,,25/05/2023,0-EU-ES-28-03-009-178,20,False,,2817801001,310000,14,Villanueva de Perales,,28178,,,34510550,100,4,1448,3,-4.1026723,1,Madrid,Calle,0,0.30545262037125,1550,False,20/01/2023,378,Chapineria,,https://www.idealista.com/data/app/cid/Qm1XQlphazBmc1JOQ1kzR2RVOVdvUT09,1,3
,103697694,,153,387,40.3464945,4,196,,1,https://www.idealista.com/103697694,1986,,100,3,False,2,4,28609,200,,23/01/2024,0-EU-ES-28-03-009-178,,,,2817801001,310000,0,Villanueva de Perales,,28178,,V,37661782,75,4,1448,3,-4.1009047,3,Madrid,,0,0.30545262037125,1550,True,16/01/2024,6,,23/01/2024,https://www.idealista.com/data/app/cid/N2R2YS9PSWhjQUIwNHMyK3ZhcWt6UT09,1,3
,103097284,,156,,40.3488422,15,491,,1,https://www.idealista.com/103097284,1980,,100,3,True,2,4,28609,200,,26/12/2023,0-EU-ES-28-03-009-178,,,,2817801001,310000,2,Villanueva de Perales,,28178,,,37110847,100,4,1448,3,-4.1029723,3,Madrid,,0,0.30545262037125,1550,True,07/11/2023,49,,26/12/2023,https://www.idealista.com/data/app/cid/RWJ0QmhmVG5Zd2RHSzJ3enBpWnhwQT09,1,3
,103129383,,169,199,40.3455024,50,1382,,1,https://www.idealista.com/103129383,1991,6669317VK0666N,100,2,True,2,3,28609,200,6669317VK0666N0001PA,10/11/2023,0-EU-ES-28-03-009-178,3,False,,2817801001,239000,0,Villanueva de Perales,,28178,,V,37140083,75,4,1448,4,-4.1006365,1,Madrid,Calle,0,0.30545262037125,1195,True,10/11/2023,84,Río Perales,,https://www.idealista.com/data/app/cid/SzFUTEtOK3RBNHI4U2xwQjBhT1RTZz09,1,2
,101736498,,205,209,40.3458626,19,561,,1,https://www.idealista.com/101736498,2001,,92,3,,2,4,28609,209,,06/12/2023,0-EU-ES-28-03-009-178,,,,2817801001,259000,2,Villanueva de Perales,,28178,,V,35865370,75,3,1448,3,-4.1021596,3,Madrid,,0,0.30545262037125,1239.23,True,14/06/2023,52,,05/08/2023,https://www.idealista.com/data/app/cid/OFdFNGdXUTB5UElEVlo4T3RUdC9TZz09,1,3
,102079023,,205,190,40.3439551,4,102,,1,https://www.idealista.com/102079023,2001,,93,3,,2,3,28609,190,,01/02/2024,0-EU-ES-28-03-009-178,,,,2817801001,214000,0,Villanueva de Perales,,28178,,V,36177845,75,2,1448,3,-4.1013788,2,Madrid,Desconocida,0,0.30545262037125,1126.32,,18/07/2023,198,CARRETERAS,,https://www.idealista.com/data/app/cid/ZWtQaTFNaGFCQzBzd2d4d0JEQ3R3UT09,1,3
,102725982,,205,77,40.3453499,48,1459,,1,https://www.idealista.com/102725982,1920,6770203VK0667S,100,3,False,2,4,28609,126,6770203VK0667S0001RD,16/01/2024,0-EU-ES-28-03-009-178,13,False,,2817801001,149000,20,Villanueva de Perales,,28178,,V,36771406,75,4,1448,4,-4.1021346,1,Madrid,Desconocida,0,0.30545262037125,1182.54,False,01/10/2023,106,Real,16/01/2024,https://www.idealista.com/data/app/cid/bHdDZUFsSlFUYmRuM1ErN2RGSmNoQT09,1,2
,102730248,,205,,40.3444078,23,348,,1,https://www.idealista.com/102730248,,,0,3,True,2,4,28609,120,,04/10/2023,0-EU-ES-28-03-009-178,,True,,2817801001,200000,4,Villanueva de Perales,,28178,,,36775383,0,4,1448,3,-4.100643,2,Madrid,Desconocida,0,0.30545262037125,1666.67,True,02/10/2023,2,KM 35,04/10/2023,https://www.idealista.com/data/app/cid/cnlGUXZoVjRNdm9PdnBENEFiMmoyQT09,1,1
,103280856,,210,,40.3462796,47,1355,,1,https://www.idealista.com/103280856,,,0,3,True,2,3,28609,185,,20/01/2024,0-EU-ES-28-03-009-178,6,True,,2817801001,289000,0,Villanueva de Perales,,28178,,,37277747,0,3,1448,3,-4.0987288,1,Madrid,Calle,0,0.30545262037125,1562.16,True,24/11/2023,46,Ibiza,10/01/2024,https://www.idealista.com/data/app/cid/MUxMM3QrU0hBb2V4aldzTmQ4QVNhZz09,1,2
,101795004,,215,215,40.3442851,196,5134,,1,https://www.idealista.com/101795004,2001,,100,3,True,2,4,28609,215,,07/08/2023,0-EU-ES-28-03-009-178,,True,,2817801001,289000,29,Villanueva de Perales,,28178,,V,35918423,75,4,1448,4,-4.1013134,2,Madrid,Calle,3,0.30545262037125,1344.19,True,20/06/2023,48,Río Manzanares,07/08/2023,https://www.idealista.com/data/app/cid/dCtyK1JXMW5kT3hQeFVUZTFUOXBYZz09,1,3
,102248761,,215,215,40.3465407,344,5708,,1,https://www.idealista.com/102248761,2001,,100,3,True,2,4,28609,215,,20/11/2023,0-EU-ES-28-03-009-178,,True,,2817801001,270000,38,Villanueva de Perales,,28178,,V,36333977,75,4,1448,4,-4.1006865,3,Madrid,,0,0.30545262037125,1255.81,True,07/08/2023,105,,20/11/2023,https://www.idealista.com/data/app/cid/Zk5HSW1JMnMyWVdIdHlvTVV2amdTUT09,1,3
,103751257,,225,,40.3474361,26,455,,1,https://www.idealista.com/103751257,,,,3,True,2,3,28609,277,,29/01/2024,0-EU-ES-28-03-009-178,1,True,,2817801001,347000,7,Villanueva de Perales,,28178,,,103751257,,4,1448,4,-4.1036228,1,Madrid,Calle,0,0.30545262037125,1252.71,True,21/01/2024,11,Yolanda Palacios,,https://www.idealista.com/data/app/cid/VjdQZTZkdnpyNTV3YlZITjhHTU80QT09,1,4
,101593886,,271,167,40.3430222,59,1965,,1,https://www.idealista.com/101593886,1999,,100,3,True,2,4,28609,176,,01/12/2023,0-EU-ES-28-03-009-178,,,,2817801001,290000,6,Villanueva de Perales,,28178,,V,35735049,75,3,1448,4,-4.1006992,3,Madrid,,0,0.30545262037125,1647.73,True,31/05/2023,184,,01/12/2023,https://www.idealista.com/data/app/cid/cE9qWGRpS3pXU0RRRmdMYnFJa0FIQT09,1,3
