municipio,municipio_lat,municipio_lon,propertyCode,precio,banos,habitaciones,tamano_m2,direccion,barrio,url
Aranjuez,40.03209,-3.603288,109908229,1300.0,2,3,155.0,"avenida de las Artes, 155",,https://www.idealista.com/inmueble/109908229/
Aranjuez,40.03209,-3.603288,104505402,1400.0,2,3,105.0,calle de Stuart,,https://www.idealista.com/inmueble/104505402/
Aranjuez,40.03209,-3.603288,109841403,1200.0,3,4,170.0,"calle Segovia, 13",,https://www.idealista.com/inmueble/109841403/
Aranjuez,40.03209,-3.603288,110011718,1250.0,2,3,110.0,avenida de las Infantas,,https://www.idealista.com/inmueble/110011718/
Aranjuez,40.03209,-3.603288,102431650,750.0,1,1,60.0,calle de Stuart,,https://www.idealista.com/inmueble/102431650/
Aranjuez,40.03209,-3.603288,101506852,1250.0,2,4,140.0,calle de las Infantas,,https://www.idealista.com/inmueble/101506852/
