municipio,municipio_lat,municipio_lon,propertyCode,precio,banos,habitaciones,tamano_m2,direccion,barrio,url
Arganda del Rey,40.30095,-3.43808,110033901,1180.0,2,3,100.0,avenida del Mediterráneo,,https://www.idealista.com/inmueble/110033901/
Arganda del Rey,40.30095,-3.43808,109106897,1130.0,2,2,98.0,calle del Ferrocarril del Tajuña s/n,,https://www.idealista.com/inmueble/109106897/
Arganda del Rey,40.30095,-3.43808,109107005,1350.0,2,3,126.0,calle del Ferrocarril del Tajuña s/n,,https://www.idealista.com/inmueble/109107005/
Arganda del Rey,40.30095,-3.43808,110018785,1200.0,1,3,100.0,avenida del Ejército,,https://www.idealista.com/inmueble/110018785/
Arganda del Rey,40.30095,-3.43808,110033705,1200.0,2,3,100.0,avenida de los Derechos Humanos,,https://www.idealista.com/inmueble/110033705/
Arganda del Rey,40.30095,-3.43808,109381240,1500.0,2,2,65.0,"calle de la Estación de Vaciamadrid, 1",,https://www.idealista.com/inmueble/109381240/
Arganda del Rey,40.30095,-3.43808,110026182,1150.0,2,2,85.0,calle del Ferrocarril del Tajuña,,https://www.idealista.com/inmueble/110026182/
Arganda del Rey,40.30095,-3.43808,109990606,1400.0,1,2,77.0,Los Villares,,https://www.idealista.com/inmueble/109990606/
