municipio,municipio_lat,municipio_lon,propertyCode,precio,banos,habitaciones,tamano_m2,direccion,barrio,url
Boalo (El),40.71746,-3.920084,109620595,2100.0,3,5,200.0,calle de Goya,,https://www.idealista.com/inmueble/109620595/
Boalo (El),40.71746,-3.920084,110069697,900.0,1,2,69.0,calle de la Peña Hoyuela,,https://www.idealista.com/inmueble/110069697/
Boalo (El),40.71746,-3.920084,109997003,920.0,1,2,96.0,avenida de los Canteros,,https://www.idealista.com/inmueble/109997003/
Boalo (El),40.71746,-3.920084,110068306,2200.0,3,4,280.0,Mataelpino,,https://www.idealista.com/inmueble/110068306/
Boalo (El),40.71746,-3.920084,30269379,900.0,2,3,85.0,calle Selles,,https://www.idealista.com/inmueble/30269379/
Boalo (El),40.71746,-3.920084,108976478,850.0,1,2,60.0,calle de Sellés,,https://www.idealista.com/inmueble/108976478/
