municipio,municipio_lat,municipio_lon,propertyCode,precio,banos,habitaciones,tamano_m2,direccion,barrio,url
Brunete,40.40554,-3.997736,109977189,1600.0,2,4,186.0,calle Tahona,,https://www.idealista.com/inmueble/109977189/
Brunete,40.40554,-3.997736,110064687,1250.0,1,0,65.0,calle Tupolev,,https://www.idealista.com/inmueble/110064687/
Brunete,40.40554,-3.997736,106238212,1200.0,2,2,66.0,Brunete,,https://www.idealista.com/inmueble/106238212/
Brunete,40.40554,-3.997736,110073011,1175.0,1,1,43.0,Brunete,,https://www.idealista.com/inmueble/110073011/
Brunete,40.40554,-3.997736,109273134,1400.0,1,2,84.0,calle de los Mártires,,https://www.idealista.com/inmueble/109273134/
