municipio,municipio_lat,municipio_lon,propertyCode,precio,banos,habitaciones,tamano_m2,direccion,barrio,url
Camarma de Esteruelas,40.54861,-3.377597,109969499,950.0,2,1,90.0,"calle Henares, 1",,https://www.idealista.com/inmueble/109969499/
Camarma de Esteruelas,40.54861,-3.377597,110049327,720.0,2,2,86.0,CL ALCALA,,https://www.idealista.com/inmueble/110049327/
Camarma de Esteruelas,40.54861,-3.377597,109925774,1500.0,1,3,115.0,Camarma de Esteruelas,,https://www.idealista.com/inmueble/109925774/
Camarma de Esteruelas,40.54861,-3.377597,109935081,775.0,1,1,71.0,"calle Henares, 1",,https://www.idealista.com/inmueble/109935081/
Camarma de Esteruelas,40.54861,-3.377597,107331401,1200.0,2,1,85.0,calle Henares,,https://www.idealista.com/inmueble/107331401/
Camarma de Esteruelas,40.54861,-3.377597,108908559,1500.0,1,1,85.0,calle Henares,,https://www.idealista.com/inmueble/108908559/
