municipio,municipio_lat,municipio_lon,propertyCode,precio,banos,habitaciones,tamano_m2,direccion,barrio,url
Casarrubuelos,40.17114,-3.833068,107800556,1355.0,2,4,191.0,"Jose Luis Borges, 6",,https://www.idealista.com/obra-nueva/107800556/
Casarrubuelos,40.17114,-3.833068,110016518,1200.0,3,4,174.0,calle Goya,,https://www.idealista.com/inmueble/110016518/
Casarrubuelos,40.17114,-3.833068,109921936,1950.0,4,4,349.0,calle Feroe,,https://www.idealista.com/inmueble/109921936/
Casarrubuelos,40.17114,-3.833068,108059270,1350.0,3,5,181.0,Señorío de Illescas,,https://www.idealista.com/inmueble/108059270/
