municipio,municipio_lat,municipio_lon,propertyCode,precio,banos,habitaciones,tamano_m2,direccion,barrio,url
Cercedilla,40.74145,-4.054667,110088594,1100.0,1,2,77.0,calle de la Corredera,,https://www.idealista.com/inmueble/110088594/
Cercedilla,40.74145,-4.054667,110061506,700.0,1,1,60.0,Cercedilla,,https://www.idealista.com/inmueble/110061506/
Cercedilla,40.74145,-4.054667,109446752,750.0,1,0,56.0,Cercedilla,,https://www.idealista.com/inmueble/109446752/
Cercedilla,40.74145,-4.054667,109378812,950.0,2,3,90.0,Cercedilla,,https://www.idealista.com/inmueble/109378812/
Cercedilla,40.74145,-4.054667,109593515,850.0,1,1,50.0,Cercedilla,,https://www.idealista.com/inmueble/109593515/
Cercedilla,40.74145,-4.054667,110023742,950.0,1,3,95.0,Cercedilla,,https://www.idealista.com/inmueble/110023742/
