municipio,municipio_lat,municipio_lon,propertyCode,precio,banos,habitaciones,tamano_m2,direccion,barrio,url
Ciempozuelos,40.15934,-3.6184,110094351,850.0,2,2,80.0,calle San Sebastián,,https://www.idealista.com/inmueble/110094351/
Ciempozuelos,40.15934,-3.6184,109369172,1090.0,1,3,82.0,Los Cestos - Belén - Las Eras,,https://www.idealista.com/inmueble/109369172/
Ciempozuelos,40.15934,-3.6184,108541527,1555.0,2,3,324.0,"calle de los Ángeles, 14",,https://www.idealista.com/obra-nueva/108541527/
Ciempozuelos,40.15934,-3.6184,108541500,1250.0,2,3,175.0,"calle de los Ángeles, 14",,https://www.idealista.com/obra-nueva/108541500/
Ciempozuelos,40.15934,-3.6184,109669883,1200.0,1,3,85.0,Polígono Industrial Borreguno-Camporrosso,,https://www.idealista.com/inmueble/109669883/
