municipio,municipio_lat,municipio_lon,propertyCode,precio,banos,habitaciones,tamano_m2,direccion,barrio,url
Collado Mediano,40.69389,-4.023123,110094805,970.0,1,3,115.0,Collado Mediano,,https://www.idealista.com/inmueble/110094805/
Collado Mediano,40.69389,-4.023123,109340469,3200.0,3,6,500.0,calle de los Balagos,,https://www.idealista.com/inmueble/109340469/
Collado Mediano,40.69389,-4.023123,109827489,2980.0,3,4,289.0,Becerril de la Sierra,,https://www.idealista.com/inmueble/109827489/
Collado Mediano,40.69389,-4.023123,110058127,900.0,1,2,65.0,calle del Nogal,,https://www.idealista.com/inmueble/110058127/
Collado Mediano,40.69389,-4.023123,100208623,2600.0,3,4,220.0,"Miguel Delibes, 15",,https://www.idealista.com/inmueble/100208623/
