municipio,municipio_lat,municipio_lon,propertyCode,precio,banos,habitaciones,tamano_m2,direccion,barrio,url
Hoyo de Manzanares,40.62273,-3.90712,110092874,1300.0,2,2,90.0,calle Sobrante s/n,,https://www.idealista.com/inmueble/110092874/
Hoyo de Manzanares,40.62273,-3.90712,109924490,2700.0,4,4,295.0,calle de María Victoria,,https://www.idealista.com/inmueble/109924490/
Hoyo de Manzanares,40.62273,-3.90712,110024074,1550.0,2,3,113.0,Urbanización El Roquedal s/n,,https://www.idealista.com/inmueble/110024074/
Hoyo de Manzanares,40.62273,-3.90712,108397796,1450.0,2,2,102.0,"calle el Plantío, 6",,https://www.idealista.com/inmueble/108397796/
Hoyo de Manzanares,40.62273,-3.90712,102115745,1300.0,2,3,102.0,OROTAVA,,https://www.idealista.com/inmueble/102115745/
Hoyo de Manzanares,40.62273,-3.90712,109543119,1200.0,1,2,69.0,avenida de la Paloma,,https://www.idealista.com/inmueble/109543119/
Hoyo de Manzanares,40.62273,-3.90712,109959607,1600.0,1,3,105.0,avenida de Madrid,,https://www.idealista.com/inmueble/109959607/
