municipio,precio,banos,habitaciones,tamano_m2,direccion,propertyCode,url
Parla,1300.0,1,1,60.0,"Calle Severo Ochoa",109310755,https://www.idealista.com/inmueble/109310755/
Parla,860.0,1,1,50.0,"Calle de Ciudad Real",110016539,https://www.idealista.com/inmueble/110016539/
Parla,1100.0,1,3,70.0,"Calle Isla Trinidad",109766309,https://www.idealista.com/inmueble/109766309/
Parla,1210.0,1,4,68.0,"Villayuventus",109241050,https://www.idealista.com/inmueble/109241050/
Parla,1300.0,2,3,102.0,"Calle Constelación",109964725,https://www.idealista.com/inmueble/109964725/
Parla,1250.0,2,2,87.0,"Calle San Roque",110087737,https://www.idealista.com/inmueble/110087737/
Parla,1340.0,2,2,82.0,"Calle Libra",108091925,https://www.idealista.com/inmueble/108091925/
