municipio,precio,banos,habitaciones,tamano_m2,direccion,propertyCode,url
Villaviciosa de Odón,1700.0,2,2,90.0,"Calle Tera",110123374,https://www.idealista.com/inmueble/110123374/
Villaviciosa de Odón,1300.0,1,1,75.0,"Calle Tajo",110115047,https://www.idealista.com/inmueble/110115047/
Villaviciosa de Odón,1200.0,2,1,65.0,"Calle Tera",110113472,https://www.idealista.com/inmueble/110113472/
Villaviciosa de Odón,4500.0,5,5,388.0,"Avenida Madrid",106335893,https://www.idealista.com/inmueble/106335893/
